order_id,customer_id,product_id,price,order_purchase_timestamp,order_item_id,product_category_name
ORD-BR-00001,CUST-BR-0036,PROD-BR-008,388.49,2025-08-14 17:59:10,1,utilidades_domesticas
ORD-BR-00002,CUST-BR-0043,PROD-BR-018,346.1,2026-03-23 09:26:10,3,eletronicos
ORD-BR-00003,CUST-BR-0011,PROD-BR-015,210.92,2026-03-31 17:51:10,2,eletronicos
ORD-BR-00004,CUST-BR-0063,PROD-BR-007,372.9,2025-11-24 10:15:10,2,esportes
ORD-BR-00005,CUST-BR-0019,PROD-BR-006,256.24,2026-01-27 12:47:10,3,esportes
ORD-BR-00006,CUST-BR-0023,PROD-BR-028,344.77,2025-08-05 19:09:10,2,utilidades_domesticas
ORD-BR-00007,CUST-BR-0078,PROD-BR-002,403.51,2026-03-24 11:25:10,3,utilidades_domesticas
ORD-BR-00008,CUST-BR-0030,PROD-BR-014,34.05,2026-04-22 16:32:10,2,eletronicos
ORD-BR-00009,CUST-BR-0055,PROD-BR-033,338.97,2026-01-27 10:04:10,2,esportes
ORD-BR-00010,CUST-BR-0073,PROD-BR-002,219.26,2026-06-30 12:40:10,2,esportes
ORD-BR-00011,CUST-BR-0011,PROD-BR-013,221.93,2026-04-28 09:48:10,1,esportes
ORD-BR-00012,CUST-BR-0076,PROD-BR-027,377.22,2025-10-03 15:00:10,2,eletronicos
ORD-BR-00013,CUST-BR-0025,PROD-BR-029,377.03,2026-02-27 16:26:10,2,esportes
ORD-BR-00014,CUST-BR-0072,PROD-BR-018,311.89,2026-05-01 17:43:10,1,utilidades_domesticas
ORD-BR-00015,CUST-BR-0016,PROD-BR-011,18.2,2026-03-01 09:10:10,3,moda
ORD-BR-00016,CUST-BR-0038,PROD-BR-022,354.62,2026-04-25 18:00:10,3,alimentos
ORD-BR-00017,CUST-BR-0046,PROD-BR-010,75.81,2026-01-31 12:50:10,1,eletronicos
ORD-BR-00018,CUST-BR-0053,PROD-BR-022,260.88,2025-08-23 13:00:10,2,utilidades_domesticas
ORD-BR-00019,CUST-BR-0051,PROD-BR-006,255.81,2025-08-10 16:54:10,1,moda
ORD-BR-00020,CUST-BR-0049,PROD-BR-007,204.97,2026-02-01 17:38:10,1,alimentos
ORD-BR-00021,CUST-BR-0033,PROD-BR-023,386.23,2026-07-05 09:37:10,1,esportes
ORD-BR-00022,CUST-BR-0069,PROD-BR-017,142.71,2025-10-06 17:24:10,1,utilidades_domesticas
ORD-BR-00023,CUST-BR-0045,PROD-BR-030,356.0,2025-12-18 15:28:10,3,esportes
ORD-BR-00024,CUST-BR-0034,PROD-BR-008,87.63,2026-03-11 12:44:10,3,moda
ORD-BR-00025,CUST-BR-0008,PROD-BR-006,329.23,2025-11-11 07:27:10,3,esportes
ORD-BR-00026,CUST-BR-0073,PROD-BR-019,81.26,2025-12-28 16:30:10,2,esportes
ORD-BR-00027,CUST-BR-0036,PROD-BR-024,180.74,2026-01-10 16:50:10,1,esportes
ORD-BR-00028,CUST-BR-0049,PROD-BR-013,53.13,2025-10-30 15:58:10,2,utilidades_domesticas
ORD-BR-00029,CUST-BR-0077,PROD-BR-003,410.23,2025-11-14 08:40:10,2,eletronicos
ORD-BR-00030,CUST-BR-0062,PROD-BR-019,353.76,2026-03-24 12:36:10,3,utilidades_domesticas
ORD-BR-00031,CUST-BR-0036,PROD-BR-015,133.43,2025-10-16 17:07:10,1,utilidades_domesticas
ORD-BR-00032,CUST-BR-0011,PROD-BR-025,103.03,2025-08-17 13:14:10,2,alimentos
ORD-BR-00033,CUST-BR-0047,PROD-BR-030,91.9,2026-04-01 11:08:10,2,alimentos
ORD-BR-00034,CUST-BR-0040,PROD-BR-011,202.96,2026-05-20 08:05:10,3,alimentos
ORD-BR-00035,CUST-BR-0047,PROD-BR-023,297.68,2025-11-02 15:29:10,2,eletronicos
ORD-BR-00036,CUST-BR-0063,PROD-BR-018,229.89,2025-08-12 16:45:10,1,utilidades_domesticas
ORD-BR-00037,CUST-BR-0012,PROD-BR-039,59.98,2025-09-19 11:59:10,1,eletronicos
ORD-BR-00038,CUST-BR-0024,PROD-BR-035,267.76,2026-02-11 17:31:10,3,eletronicos
ORD-BR-00039,CUST-BR-0048,PROD-BR-011,24.92,2025-12-22 11:57:10,1,moda
ORD-BR-00040,CUST-BR-0038,PROD-BR-025,50.99,2026-06-26 12:49:10,3,alimentos
ORD-BR-00041,CUST-BR-0040,PROD-BR-036,422.95,2025-10-21 14:00:10,1,eletronicos
ORD-BR-00042,CUST-BR-0065,PROD-BR-021,159.23,2026-02-06 14:48:10,1,utilidades_domesticas
ORD-BR-00043,CUST-BR-0036,PROD-BR-015,24.4,2026-01-27 14:11:10,2,utilidades_domesticas
ORD-BR-00044,CUST-BR-0044,PROD-BR-021,256.01,2026-05-09 08:13:10,1,moda
ORD-BR-00045,CUST-BR-0054,PROD-BR-018,137.34,2025-11-04 09:00:10,1,utilidades_domesticas
ORD-BR-00046,CUST-BR-0076,PROD-BR-014,61.87,2026-03-10 17:03:10,3,esportes
ORD-BR-00047,CUST-BR-0019,PROD-BR-021,31.27,2026-02-21 19:18:10,1,eletronicos
ORD-BR-00048,CUST-BR-0025,PROD-BR-032,366.59,2026-01-30 14:42:10,3,moda
ORD-BR-00049,CUST-BR-0077,PROD-BR-030,141.55,2026-06-28 11:32:10,2,eletronicos
ORD-BR-00050,CUST-BR-0080,PROD-BR-017,86.6,2026-01-16 18:36:10,3,eletronicos
ORD-BR-00051,CUST-BR-0035,PROD-BR-016,446.68,2026-01-23 07:38:10,1,esportes
ORD-BR-00052,CUST-BR-0068,PROD-BR-035,403.65,2026-06-02 09:05:10,3,alimentos
ORD-BR-00053,CUST-BR-0026,PROD-BR-038,350.83,2025-08-24 13:48:10,2,moda
ORD-BR-00054,CUST-BR-0071,PROD-BR-038,339.85,2026-03-10 12:43:10,1,moda
ORD-BR-00055,CUST-BR-0075,PROD-BR-024,119.82,2025-11-28 10:21:10,1,eletronicos
ORD-BR-00056,CUST-BR-0072,PROD-BR-009,92.98,2025-08-26 08:10:10,1,esportes
ORD-BR-00057,CUST-BR-0070,PROD-BR-032,100.45,2025-11-23 15:03:10,1,utilidades_domesticas
ORD-BR-00058,CUST-BR-0026,PROD-BR-004,232.82,2025-11-02 20:06:10,3,utilidades_domesticas
ORD-BR-00059,CUST-BR-0002,PROD-BR-010,114.9,2025-12-17 09:16:10,1,eletronicos
ORD-BR-00060,CUST-BR-0078,PROD-BR-028,235.25,2025-08-29 08:00:10,1,esportes
ORD-BR-00061,CUST-BR-0047,PROD-BR-005,101.9,2026-06-15 17:06:10,3,moda
ORD-BR-00062,CUST-BR-0007,PROD-BR-025,72.01,2026-05-01 08:03:10,3,esportes
ORD-BR-00063,CUST-BR-0075,PROD-BR-030,187.95,2025-12-17 08:54:10,3,esportes
ORD-BR-00064,CUST-BR-0041,PROD-BR-017,430.7,2025-10-30 08:49:10,2,esportes
ORD-BR-00065,CUST-BR-0074,PROD-BR-001,25.81,2026-01-18 11:17:10,2,utilidades_domesticas
ORD-BR-00066,CUST-BR-0068,PROD-BR-035,76.05,2026-01-31 08:58:10,1,alimentos
ORD-BR-00067,CUST-BR-0078,PROD-BR-022,274.28,2026-04-11 12:21:10,1,utilidades_domesticas
ORD-BR-00068,CUST-BR-0035,PROD-BR-019,356.37,2026-06-17 17:08:10,2,moda
ORD-BR-00069,CUST-BR-0009,PROD-BR-011,375.8,2026-05-17 08:00:10,1,moda
ORD-BR-00070,CUST-BR-0027,PROD-BR-001,278.62,2026-04-29 13:34:10,2,alimentos
ORD-BR-00071,CUST-BR-0049,PROD-BR-033,194.47,2026-06-17 19:05:10,1,eletronicos
ORD-BR-00072,CUST-BR-0010,PROD-BR-033,392.36,2025-11-26 19:46:10,2,utilidades_domesticas
ORD-BR-00073,CUST-BR-0020,PROD-BR-020,117.95,2025-10-20 12:52:10,3,esportes
ORD-BR-00074,CUST-BR-0077,PROD-BR-039,43.95,2026-04-10 18:09:10,1,eletronicos
ORD-BR-00075,CUST-BR-0012,PROD-BR-010,373.73,2026-01-02 14:42:10,1,alimentos
ORD-BR-00076,CUST-BR-0074,PROD-BR-011,87.01,2025-11-02 19:29:10,3,esportes
ORD-BR-00077,CUST-BR-0013,PROD-BR-034,65.24,2025-09-07 10:55:10,2,utilidades_domesticas
ORD-BR-00078,CUST-BR-0016,PROD-BR-039,38.22,2025-07-20 16:24:10,1,alimentos
ORD-BR-00079,CUST-BR-0055,PROD-BR-032,186.23,2025-12-16 14:51:10,3,utilidades_domesticas
ORD-BR-00080,CUST-BR-0059,PROD-BR-008,385.24,2025-11-05 19:50:10,3,alimentos
ORD-BR-00081,CUST-BR-0015,PROD-BR-020,117.98,2026-01-24 07:50:10,1,eletronicos
ORD-BR-00082,CUST-BR-0076,PROD-BR-004,36.43,2025-10-11 15:54:10,2,eletronicos
ORD-BR-00083,CUST-BR-0042,PROD-BR-037,59.23,2025-07-15 12:15:10,1,utilidades_domesticas
ORD-BR-00084,CUST-BR-0033,PROD-BR-006,58.11,2026-05-12 08:24:10,3,moda
ORD-BR-00085,CUST-BR-0073,PROD-BR-005,441.11,2026-05-13 18:08:10,1,esportes
ORD-BR-00086,CUST-BR-0051,PROD-BR-009,353.86,2026-04-30 15:06:10,2,eletronicos
ORD-BR-00087,CUST-BR-0043,PROD-BR-031,238.69,2026-04-08 09:09:10,3,esportes
ORD-BR-00088,CUST-BR-0063,PROD-BR-011,293.21,2026-05-21 17:48:10,2,alimentos
ORD-BR-00089,CUST-BR-0012,PROD-BR-034,222.88,2025-10-11 10:24:10,1,esportes
ORD-BR-00090,CUST-BR-0028,PROD-BR-028,174.38,2025-12-11 14:34:10,2,eletronicos
ORD-BR-00091,CUST-BR-0031,PROD-BR-035,313.3,2026-04-07 11:46:10,1,eletronicos
ORD-BR-00092,CUST-BR-0054,PROD-BR-020,224.2,2025-10-29 18:16:10,3,moda
ORD-BR-00093,CUST-BR-0043,PROD-BR-024,384.12,2026-04-19 11:48:10,2,moda
ORD-BR-00094,CUST-BR-0045,PROD-BR-034,290.32,2026-03-07 10:08:10,2,moda
ORD-BR-00095,CUST-BR-0059,PROD-BR-008,103.05,2025-08-08 10:31:10,2,eletronicos
ORD-BR-00096,CUST-BR-0074,PROD-BR-015,282.26,2026-03-22 14:11:10,1,utilidades_domesticas
ORD-BR-00097,CUST-BR-0059,PROD-BR-022,51.75,2026-03-01 08:57:10,2,utilidades_domesticas
ORD-BR-00098,CUST-BR-0077,PROD-BR-038,363.38,2026-06-18 16:29:10,3,esportes
ORD-BR-00099,CUST-BR-0063,PROD-BR-015,360.87,2025-12-08 14:47:10,3,esportes
ORD-BR-00100,CUST-BR-0058,PROD-BR-015,56.35,2026-06-22 08:35:10,2,utilidades_domesticas
ORD-BR-00101,CUST-BR-0014,PROD-BR-005,260.75,2026-01-18 15:30:10,1,utilidades_domesticas
ORD-BR-00102,CUST-BR-0055,PROD-BR-015,347.31,2026-02-06 13:48:10,2,utilidades_domesticas
ORD-BR-00103,CUST-BR-0040,PROD-BR-003,275.82,2026-06-12 17:51:10,1,alimentos
ORD-BR-00104,CUST-BR-0063,PROD-BR-005,53.15,2026-06-16 17:28:10,1,esportes
ORD-BR-00105,CUST-BR-0034,PROD-BR-016,351.83,2026-01-06 16:03:10,1,alimentos
ORD-BR-00106,CUST-BR-0060,PROD-BR-032,346.7,2026-03-14 16:40:10,3,eletronicos
ORD-BR-00107,CUST-BR-0030,PROD-BR-035,151.78,2026-02-28 11:07:10,1,eletronicos
ORD-BR-00108,CUST-BR-0007,PROD-BR-037,205.49,2025-09-08 19:29:10,3,esportes
ORD-BR-00109,CUST-BR-0059,PROD-BR-031,255.55,2026-04-07 11:28:10,3,eletronicos
ORD-BR-00110,CUST-BR-0050,PROD-BR-031,178.72,2026-06-18 12:07:10,2,moda
ORD-BR-00111,CUST-BR-0058,PROD-BR-013,428.77,2026-03-07 19:21:10,2,utilidades_domesticas
ORD-BR-00112,CUST-BR-0071,PROD-BR-007,68.04,2025-08-25 11:11:10,2,moda
ORD-BR-00113,CUST-BR-0055,PROD-BR-023,20.35,2026-01-03 14:22:10,1,moda
ORD-BR-00114,CUST-BR-0035,PROD-BR-027,214.47,2025-12-25 17:09:10,1,moda
ORD-BR-00115,CUST-BR-0025,PROD-BR-004,414.52,2025-11-04 12:21:10,3,utilidades_domesticas
ORD-BR-00116,CUST-BR-0032,PROD-BR-004,397.45,2026-04-23 14:27:10,3,moda
ORD-BR-00117,CUST-BR-0067,PROD-BR-022,61.29,2026-03-19 11:06:10,2,utilidades_domesticas
ORD-BR-00118,CUST-BR-0011,PROD-BR-016,54.34,2026-07-11 08:00:10,2,eletronicos
ORD-BR-00119,CUST-BR-0003,PROD-BR-013,119.76,2026-03-17 19:11:10,2,esportes
ORD-BR-00120,CUST-BR-0065,PROD-BR-029,411.13,2025-09-03 19:06:10,1,eletronicos
ORD-BR-00121,CUST-BR-0003,PROD-BR-028,17.36,2025-10-26 16:14:10,1,eletronicos
ORD-BR-00122,CUST-BR-0079,PROD-BR-018,118.77,2025-07-31 17:56:10,3,moda
ORD-BR-00123,CUST-BR-0005,PROD-BR-016,363.42,2025-10-25 18:35:10,3,utilidades_domesticas
ORD-BR-00124,CUST-BR-0068,PROD-BR-029,379.52,2026-06-15 09:06:10,3,esportes
ORD-BR-00125,CUST-BR-0017,PROD-BR-007,69.34,2025-12-22 07:47:10,3,utilidades_domesticas
ORD-BR-00126,CUST-BR-0044,PROD-BR-035,385.24,2026-01-12 15:04:10,2,utilidades_domesticas
ORD-BR-00127,CUST-BR-0059,PROD-BR-006,98.97,2025-12-23 10:08:10,1,eletronicos
ORD-BR-00128,CUST-BR-0042,PROD-BR-011,281.02,2025-10-19 09:02:10,3,moda
ORD-BR-00129,CUST-BR-0050,PROD-BR-032,33.42,2026-01-14 07:25:10,1,moda
ORD-BR-00130,CUST-BR-0033,PROD-BR-014,54.9,2026-05-30 13:02:10,1,moda
ORD-BR-00131,CUST-BR-0079,PROD-BR-004,214.47,2026-04-19 09:43:10,2,eletronicos
ORD-BR-00132,CUST-BR-0070,PROD-BR-025,78.13,2026-04-24 10:58:10,2,utilidades_domesticas
ORD-BR-00133,CUST-BR-0025,PROD-BR-025,266.44,2025-10-11 19:52:10,2,alimentos
ORD-BR-00134,CUST-BR-0036,PROD-BR-030,79.57,2026-03-24 10:59:10,3,alimentos
ORD-BR-00135,CUST-BR-0033,PROD-BR-028,221.26,2025-12-28 14:01:10,1,esportes
ORD-BR-00136,CUST-BR-0076,PROD-BR-032,147.55,2025-08-25 19:28:10,1,eletronicos
ORD-BR-00137,CUST-BR-0049,PROD-BR-013,291.06,2026-02-21 13:07:10,3,alimentos
ORD-BR-00138,CUST-BR-0068,PROD-BR-014,270.91,2025-12-09 08:45:10,1,utilidades_domesticas
ORD-BR-00139,CUST-BR-0003,PROD-BR-038,197.0,2026-02-16 12:15:10,2,esportes
ORD-BR-00140,CUST-BR-0008,PROD-BR-004,261.11,2026-01-01 08:34:10,2,alimentos
ORD-BR-00141,CUST-BR-0052,PROD-BR-004,298.81,2026-02-12 16:53:10,2,utilidades_domesticas
ORD-BR-00142,CUST-BR-0028,PROD-BR-038,202.67,2025-11-05 11:07:10,2,moda
ORD-BR-00143,CUST-BR-0029,PROD-BR-033,238.04,2026-01-21 15:52:10,3,esportes
ORD-BR-00144,CUST-BR-0011,PROD-BR-011,234.08,2026-04-07 15:13:10,3,utilidades_domesticas
ORD-BR-00145,CUST-BR-0064,PROD-BR-033,151.79,2026-04-05 13:36:10,2,utilidades_domesticas
ORD-BR-00146,CUST-BR-0004,PROD-BR-012,46.35,2026-05-13 11:50:10,1,utilidades_domesticas
ORD-BR-00147,CUST-BR-0005,PROD-BR-039,137.07,2026-05-25 18:09:10,2,utilidades_domesticas
ORD-BR-00148,CUST-BR-0059,PROD-BR-016,338.07,2025-11-11 13:31:10,1,moda
ORD-BR-00149,CUST-BR-0067,PROD-BR-008,387.6,2026-06-06 07:46:10,2,esportes
ORD-BR-00150,CUST-BR-0020,PROD-BR-016,67.06,2025-11-25 16:30:10,2,esportes
ORD-BR-00151,CUST-BR-0077,PROD-BR-039,448.03,2026-01-14 11:50:10,2,utilidades_domesticas
ORD-BR-00152,CUST-BR-0062,PROD-BR-040,321.85,2026-04-20 12:39:10,3,utilidades_domesticas
ORD-BR-00153,CUST-BR-0052,PROD-BR-027,19.67,2026-04-13 13:15:10,3,esportes
ORD-BR-00154,CUST-BR-0038,PROD-BR-037,87.17,2025-09-27 16:51:10,1,esportes
ORD-BR-00155,CUST-BR-0080,PROD-BR-021,256.85,2025-12-12 18:15:10,1,alimentos
ORD-BR-00156,CUST-BR-0053,PROD-BR-014,209.99,2026-05-14 18:19:10,1,alimentos
ORD-BR-00157,CUST-BR-0007,PROD-BR-016,343.57,2026-05-15 12:40:10,1,alimentos
ORD-BR-00158,CUST-BR-0074,PROD-BR-026,93.7,2025-12-17 13:48:10,1,eletronicos
ORD-BR-00159,CUST-BR-0004,PROD-BR-020,116.29,2025-10-09 19:16:10,1,moda
ORD-BR-00160,CUST-BR-0080,PROD-BR-021,229.58,2025-10-27 09:49:10,2,utilidades_domesticas
ORD-BR-00161,CUST-BR-0020,PROD-BR-001,381.96,2025-07-18 08:36:10,3,moda
ORD-BR-00162,CUST-BR-0033,PROD-BR-040,346.86,2026-03-02 14:59:10,3,esportes
ORD-BR-00163,CUST-BR-0030,PROD-BR-007,249.69,2026-02-21 08:03:10,3,utilidades_domesticas
ORD-BR-00164,CUST-BR-0027,PROD-BR-035,349.35,2025-11-13 20:10:10,2,eletronicos
ORD-BR-00165,CUST-BR-0041,PROD-BR-033,410.66,2026-03-20 18:42:10,1,alimentos
ORD-BR-00166,CUST-BR-0031,PROD-BR-009,231.99,2026-02-11 09:11:10,2,alimentos
ORD-BR-00167,CUST-BR-0009,PROD-BR-005,188.37,2026-05-17 13:51:10,3,eletronicos
ORD-BR-00168,CUST-BR-0032,PROD-BR-024,162.4,2026-06-11 15:58:10,1,alimentos
ORD-BR-00169,CUST-BR-0002,PROD-BR-011,418.45,2025-11-05 09:36:10,3,moda
ORD-BR-00170,CUST-BR-0012,PROD-BR-035,18.18,2025-12-23 12:39:10,2,alimentos
ORD-BR-00171,CUST-BR-0057,PROD-BR-040,290.69,2025-12-11 10:31:10,3,esportes
ORD-BR-00172,CUST-BR-0071,PROD-BR-001,346.22,2026-07-05 17:57:10,2,esportes
ORD-BR-00173,CUST-BR-0058,PROD-BR-020,434.0,2026-03-06 18:51:10,2,utilidades_domesticas
ORD-BR-00174,CUST-BR-0006,PROD-BR-009,333.6,2026-04-23 13:12:10,1,alimentos
ORD-BR-00175,CUST-BR-0045,PROD-BR-008,299.53,2026-05-03 12:59:10,2,utilidades_domesticas
ORD-BR-00176,CUST-BR-0013,PROD-BR-036,334.18,2026-07-01 09:19:10,1,eletronicos
ORD-BR-00177,CUST-BR-0028,PROD-BR-018,68.88,2026-07-01 16:58:10,1,alimentos
ORD-BR-00178,CUST-BR-0078,PROD-BR-039,443.71,2025-07-27 14:06:10,2,eletronicos
ORD-BR-00179,CUST-BR-0079,PROD-BR-022,194.04,2026-05-21 13:40:10,1,eletronicos
ORD-BR-00180,CUST-BR-0018,PROD-BR-017,363.9,2026-04-27 15:26:10,2,esportes
ORD-BR-00181,CUST-BR-0066,PROD-BR-032,31.08,2025-10-17 19:47:10,1,alimentos
ORD-BR-00182,CUST-BR-0030,PROD-BR-004,308.76,2025-11-25 19:23:10,1,utilidades_domesticas
ORD-BR-00183,CUST-BR-0062,PROD-BR-028,391.47,2026-04-16 16:59:10,3,alimentos
ORD-BR-00184,CUST-BR-0031,PROD-BR-003,117.02,2026-04-08 13:08:10,1,utilidades_domesticas
ORD-BR-00185,CUST-BR-0069,PROD-BR-022,16.96,2025-08-19 15:34:10,3,eletronicos
ORD-BR-00186,CUST-BR-0043,PROD-BR-017,189.59,2026-01-16 11:00:10,1,eletronicos
ORD-BR-00187,CUST-BR-0054,PROD-BR-029,118.38,2026-03-24 18:57:10,2,esportes
ORD-BR-00188,CUST-BR-0063,PROD-BR-028,145.04,2026-05-19 13:41:10,3,esportes
ORD-BR-00189,CUST-BR-0032,PROD-BR-001,134.55,2026-03-28 14:47:10,2,utilidades_domesticas
ORD-BR-00190,CUST-BR-0055,PROD-BR-005,163.74,2026-05-31 18:32:10,1,eletronicos
ORD-BR-00191,CUST-BR-0065,PROD-BR-035,449.45,2025-12-23 16:46:10,2,utilidades_domesticas
ORD-BR-00192,CUST-BR-0043,PROD-BR-024,265.07,2025-10-28 17:45:10,1,esportes
ORD-BR-00193,CUST-BR-0057,PROD-BR-036,273.92,2025-09-18 20:11:10,1,eletronicos
ORD-BR-00194,CUST-BR-0018,PROD-BR-028,73.45,2025-12-02 14:15:10,2,eletronicos
ORD-BR-00195,CUST-BR-0006,PROD-BR-003,102.86,2025-08-19 11:25:10,2,alimentos
ORD-BR-00196,CUST-BR-0078,PROD-BR-024,164.33,2025-07-19 10:47:10,2,utilidades_domesticas
ORD-BR-00197,CUST-BR-0077,PROD-BR-023,342.1,2025-12-23 13:13:10,2,eletronicos
ORD-BR-00198,CUST-BR-0028,PROD-BR-016,117.27,2026-01-25 19:37:10,3,utilidades_domesticas
ORD-BR-00199,CUST-BR-0073,PROD-BR-023,245.35,2026-02-02 12:13:10,3,esportes
ORD-BR-00200,CUST-BR-0050,PROD-BR-027,145.23,2026-04-09 09:55:10,2,esportes
ORD-BR-00201,CUST-BR-0026,PROD-BR-010,82.62,2026-05-20 10:38:10,2,eletronicos
ORD-BR-00202,CUST-BR-0005,PROD-BR-011,359.51,2026-05-27 07:37:10,2,eletronicos
ORD-BR-00203,CUST-BR-0036,PROD-BR-027,222.17,2026-02-10 17:58:10,3,utilidades_domesticas
ORD-BR-00204,CUST-BR-0021,PROD-BR-012,407.61,2026-07-10 15:00:10,3,alimentos
ORD-BR-00205,CUST-BR-0015,PROD-BR-027,259.54,2025-10-18 17:48:10,1,eletronicos
ORD-BR-00206,CUST-BR-0026,PROD-BR-018,238.04,2025-08-19 12:59:10,3,eletronicos
ORD-BR-00207,CUST-BR-0003,PROD-BR-007,432.5,2026-06-18 12:29:10,3,moda
ORD-BR-00208,CUST-BR-0005,PROD-BR-003,43.51,2025-08-19 10:23:10,1,moda
ORD-BR-00209,CUST-BR-0042,PROD-BR-015,150.97,2026-07-06 12:36:10,1,eletronicos
ORD-BR-00210,CUST-BR-0051,PROD-BR-030,41.33,2025-07-31 18:27:10,2,alimentos
ORD-BR-00211,CUST-BR-0017,PROD-BR-020,146.4,2026-06-04 16:47:10,2,eletronicos
ORD-BR-00212,CUST-BR-0013,PROD-BR-015,63.75,2025-12-03 09:45:10,1,utilidades_domesticas
ORD-BR-00213,CUST-BR-0001,PROD-BR-013,236.05,2025-12-10 18:30:10,1,moda
ORD-BR-00214,CUST-BR-0033,PROD-BR-022,354.55,2026-01-07 07:40:10,2,alimentos
ORD-BR-00215,CUST-BR-0021,PROD-BR-005,155.28,2025-12-30 17:52:10,2,alimentos
ORD-BR-00216,CUST-BR-0070,PROD-BR-023,114.29,2025-10-09 18:49:10,3,esportes
ORD-BR-00217,CUST-BR-0075,PROD-BR-026,36.13,2026-04-09 11:35:10,2,esportes
ORD-BR-00218,CUST-BR-0016,PROD-BR-022,35.61,2025-12-27 19:02:10,1,utilidades_domesticas
ORD-BR-00219,CUST-BR-0074,PROD-BR-008,19.03,2025-11-06 08:22:10,3,alimentos
ORD-BR-00220,CUST-BR-0013,PROD-BR-012,284.76,2025-09-19 17:22:10,1,esportes
ORD-BR-00221,CUST-BR-0046,PROD-BR-017,271.73,2026-01-02 10:26:10,3,utilidades_domesticas
ORD-BR-00222,CUST-BR-0023,PROD-BR-007,284.32,2026-05-18 13:21:10,3,esportes
ORD-BR-00223,CUST-BR-0062,PROD-BR-028,387.14,2025-12-26 10:13:10,1,alimentos
ORD-BR-00224,CUST-BR-0045,PROD-BR-021,277.49,2025-10-13 11:15:10,2,moda
ORD-BR-00225,CUST-BR-0029,PROD-BR-039,368.72,2026-06-09 19:25:10,1,esportes
ORD-BR-00226,CUST-BR-0010,PROD-BR-008,109.11,2025-11-05 15:08:10,2,moda
ORD-BR-00227,CUST-BR-0026,PROD-BR-037,48.98,2026-01-16 12:58:10,3,eletronicos
ORD-BR-00228,CUST-BR-0031,PROD-BR-017,86.99,2025-07-23 16:41:10,1,utilidades_domesticas
ORD-BR-00229,CUST-BR-0057,PROD-BR-028,336.28,2026-03-09 17:10:10,3,utilidades_domesticas
ORD-BR-00230,CUST-BR-0012,PROD-BR-034,69.82,2025-11-05 09:13:10,2,esportes
ORD-BR-00231,CUST-BR-0056,PROD-BR-013,90.23,2026-04-21 09:00:10,3,alimentos
ORD-BR-00232,CUST-BR-0022,PROD-BR-028,22.21,2026-01-13 09:19:10,1,utilidades_domesticas
ORD-BR-00233,CUST-BR-0047,PROD-BR-022,70.21,2026-01-30 19:55:10,2,esportes
ORD-BR-00234,CUST-BR-0034,PROD-BR-021,285.48,2026-06-04 09:12:10,2,utilidades_domesticas
ORD-BR-00235,CUST-BR-0005,PROD-BR-020,273.64,2025-09-17 11:03:10,1,esportes
ORD-BR-00236,CUST-BR-0079,PROD-BR-020,22.9,2025-10-28 12:00:10,3,moda
ORD-BR-00237,CUST-BR-0019,PROD-BR-021,395.14,2025-07-31 14:30:10,3,moda
ORD-BR-00238,CUST-BR-0015,PROD-BR-019,187.33,2025-10-13 15:57:10,2,esportes
ORD-BR-00239,CUST-BR-0059,PROD-BR-009,261.62,2026-04-12 15:52:10,1,eletronicos
ORD-BR-00240,CUST-BR-0012,PROD-BR-027,238.84,2026-04-15 17:19:10,2,moda
ORD-BR-00241,CUST-BR-0064,PROD-BR-012,241.3,2026-06-21 07:23:10,2,esportes
ORD-BR-00242,CUST-BR-0062,PROD-BR-037,186.83,2025-12-08 19:26:10,3,alimentos
ORD-BR-00243,CUST-BR-0012,PROD-BR-026,433.27,2025-09-09 15:48:10,1,esportes
ORD-BR-00244,CUST-BR-0074,PROD-BR-001,411.97,2025-09-15 15:32:10,3,alimentos
ORD-BR-00245,CUST-BR-0038,PROD-BR-019,334.07,2025-10-09 09:41:10,2,eletronicos
ORD-BR-00246,CUST-BR-0034,PROD-BR-028,337.65,2026-05-28 15:43:10,2,esportes
ORD-BR-00247,CUST-BR-0063,PROD-BR-039,262.92,2026-03-07 16:52:10,2,alimentos
ORD-BR-00248,CUST-BR-0056,PROD-BR-030,362.17,2025-08-20 18:14:10,3,moda
ORD-BR-00249,CUST-BR-0017,PROD-BR-029,338.47,2026-01-12 08:21:10,2,eletronicos
ORD-BR-00250,CUST-BR-0080,PROD-BR-033,327.9,2025-07-21 10:18:10,2,moda
ORD-BR-00251,CUST-BR-0032,PROD-BR-011,153.82,2026-06-16 18:58:10,2,utilidades_domesticas
ORD-BR-00252,CUST-BR-0031,PROD-BR-019,276.77,2026-02-19 14:55:10,2,esportes
ORD-BR-00253,CUST-BR-0038,PROD-BR-040,100.58,2026-02-07 19:50:10,2,alimentos
ORD-BR-00254,CUST-BR-0062,PROD-BR-006,85.85,2025-11-27 11:44:10,1,eletronicos
ORD-BR-00255,CUST-BR-0028,PROD-BR-020,430.38,2025-11-02 15:23:10,3,eletronicos
ORD-BR-00256,CUST-BR-0038,PROD-BR-013,398.25,2025-10-09 09:26:10,3,eletronicos
ORD-BR-00257,CUST-BR-0017,PROD-BR-002,95.81,2025-11-15 10:49:10,2,utilidades_domesticas
ORD-BR-00258,CUST-BR-0037,PROD-BR-016,34.65,2026-01-19 07:48:10,1,moda
ORD-BR-00259,CUST-BR-0077,PROD-BR-040,298.85,2025-07-16 13:26:10,3,utilidades_domesticas
ORD-BR-00260,CUST-BR-0019,PROD-BR-030,143.23,2026-01-09 18:27:10,1,moda
ORD-BR-00261,CUST-BR-0071,PROD-BR-037,407.21,2025-11-03 16:38:10,1,eletronicos
ORD-BR-00262,CUST-BR-0029,PROD-BR-025,46.24,2026-07-06 15:18:10,3,moda
ORD-BR-00263,CUST-BR-0025,PROD-BR-026,255.51,2025-12-09 09:16:10,2,eletronicos
ORD-BR-00264,CUST-BR-0060,PROD-BR-010,250.93,2025-08-17 18:10:10,2,utilidades_domesticas
ORD-BR-00265,CUST-BR-0021,PROD-BR-007,84.74,2026-01-18 09:25:10,1,moda
ORD-BR-00266,CUST-BR-0042,PROD-BR-015,143.77,2026-05-19 11:55:10,3,eletronicos
ORD-BR-00267,CUST-BR-0033,PROD-BR-034,345.61,2026-05-17 12:10:10,1,moda
ORD-BR-00268,CUST-BR-0049,PROD-BR-004,67.49,2026-04-20 07:33:10,3,esportes
ORD-BR-00269,CUST-BR-0009,PROD-BR-016,130.07,2025-10-05 19:03:10,1,utilidades_domesticas
ORD-BR-00270,CUST-BR-0053,PROD-BR-030,210.69,2026-05-17 15:31:10,2,eletronicos
ORD-BR-00271,CUST-BR-0057,PROD-BR-030,385.33,2025-09-18 11:12:10,2,esportes
ORD-BR-00272,CUST-BR-0043,PROD-BR-036,123.06,2026-05-27 16:41:10,2,esportes
ORD-BR-00273,CUST-BR-0013,PROD-BR-021,423.91,2025-11-11 10:38:10,1,moda
ORD-BR-00274,CUST-BR-0027,PROD-BR-040,228.41,2026-06-01 08:06:10,2,esportes
ORD-BR-00275,CUST-BR-0043,PROD-BR-028,204.03,2025-12-24 13:44:10,2,esportes
ORD-BR-00276,CUST-BR-0015,PROD-BR-029,224.68,2025-08-29 11:28:10,3,eletronicos
ORD-BR-00277,CUST-BR-0014,PROD-BR-031,256.17,2026-05-12 19:29:10,3,moda
ORD-BR-00278,CUST-BR-0070,PROD-BR-017,66.74,2025-09-26 09:35:10,1,eletronicos
ORD-BR-00279,CUST-BR-0026,PROD-BR-018,279.54,2025-09-08 18:21:10,1,esportes
ORD-BR-00280,CUST-BR-0043,PROD-BR-032,96.45,2025-12-29 19:44:10,2,eletronicos
ORD-BR-00281,CUST-BR-0066,PROD-BR-018,337.6,2026-05-14 19:29:10,2,moda
ORD-BR-00282,CUST-BR-0067,PROD-BR-005,163.5,2025-12-30 17:30:10,3,alimentos
ORD-BR-00283,CUST-BR-0028,PROD-BR-016,360.59,2026-02-01 08:15:10,2,alimentos
ORD-BR-00284,CUST-BR-0051,PROD-BR-022,107.2,2026-02-24 08:05:10,3,alimentos
ORD-BR-00285,CUST-BR-0036,PROD-BR-035,292.97,2025-09-27 19:52:10,3,utilidades_domesticas
ORD-BR-00286,CUST-BR-0023,PROD-BR-009,42.0,2025-07-13 15:19:10,1,eletronicos
ORD-BR-00287,CUST-BR-0011,PROD-BR-015,81.26,2025-12-04 13:08:10,3,moda
ORD-BR-00288,CUST-BR-0013,PROD-BR-010,153.83,2026-02-28 13:44:10,3,eletronicos
ORD-BR-00289,CUST-BR-0037,PROD-BR-005,302.08,2025-12-10 17:03:10,2,moda
ORD-BR-00290,CUST-BR-0050,PROD-BR-027,164.08,2026-02-16 07:48:10,3,alimentos
ORD-BR-00291,CUST-BR-0055,PROD-BR-035,383.01,2026-01-31 09:26:10,2,moda
ORD-BR-00292,CUST-BR-0024,PROD-BR-027,341.08,2025-07-27 19:47:10,3,utilidades_domesticas
ORD-BR-00293,CUST-BR-0043,PROD-BR-014,302.1,2025-10-22 19:47:10,1,moda
ORD-BR-00294,CUST-BR-0058,PROD-BR-025,336.25,2025-10-31 12:16:10,2,esportes
ORD-BR-00295,CUST-BR-0045,PROD-BR-002,328.11,2025-12-03 13:13:10,2,esportes
ORD-BR-00296,CUST-BR-0027,PROD-BR-025,296.48,2026-01-14 17:14:10,2,moda
ORD-BR-00297,CUST-BR-0033,PROD-BR-001,206.42,2025-12-06 12:02:10,1,alimentos
ORD-BR-00298,CUST-BR-0026,PROD-BR-020,300.15,2025-08-27 17:26:10,3,moda
ORD-BR-00299,CUST-BR-0002,PROD-BR-027,157.05,2026-04-05 15:38:10,3,esportes
ORD-BR-00300,CUST-BR-0076,PROD-BR-035,122.31,2025-09-23 10:06:10,3,esportes
ORD-BR-00301,CUST-BR-0011,PROD-BR-015,134.69,2026-06-10 15:31:10,3,moda
ORD-BR-00302,CUST-BR-0023,PROD-BR-015,410.99,2025-09-01 10:37:10,3,alimentos
ORD-BR-00303,CUST-BR-0044,PROD-BR-028,320.11,2026-04-08 10:17:10,3,moda
ORD-BR-00304,CUST-BR-0060,PROD-BR-002,287.08,2026-06-24 14:56:10,1,moda
ORD-BR-00305,CUST-BR-0079,PROD-BR-022,188.86,2025-08-05 12:03:10,2,moda
ORD-BR-00306,CUST-BR-0044,PROD-BR-011,395.67,2026-03-19 14:22:10,2,moda
ORD-BR-00307,CUST-BR-0036,PROD-BR-009,422.13,2026-06-28 14:42:10,3,esportes
ORD-BR-00308,CUST-BR-0069,PROD-BR-035,228.07,2026-05-19 11:40:10,2,utilidades_domesticas
ORD-BR-00309,CUST-BR-0027,PROD-BR-026,121.23,2025-12-21 16:08:10,2,esportes
ORD-BR-00310,CUST-BR-0026,PROD-BR-037,440.52,2026-06-10 20:15:10,3,utilidades_domesticas
ORD-BR-00311,CUST-BR-0062,PROD-BR-006,346.73,2025-07-20 17:19:10,1,moda
ORD-BR-00312,CUST-BR-0056,PROD-BR-009,295.5,2026-01-03 15:47:10,1,moda
ORD-BR-00313,CUST-BR-0021,PROD-BR-012,269.89,2026-02-28 10:39:10,2,utilidades_domesticas
ORD-BR-00314,CUST-BR-0053,PROD-BR-017,389.35,2025-12-09 10:33:10,3,moda
ORD-BR-00315,CUST-BR-0001,PROD-BR-021,161.22,2026-02-05 09:42:10,2,eletronicos
ORD-BR-00316,CUST-BR-0019,PROD-BR-030,351.84,2026-04-29 09:10:10,1,alimentos
ORD-BR-00317,CUST-BR-0032,PROD-BR-022,449.4,2026-02-18 08:27:10,1,moda
ORD-BR-00318,CUST-BR-0003,PROD-BR-018,284.56,2025-09-21 19:30:10,2,moda
ORD-BR-00319,CUST-BR-0079,PROD-BR-017,45.29,2026-05-28 19:38:10,3,utilidades_domesticas
ORD-BR-00320,CUST-BR-0020,PROD-BR-031,399.91,2025-09-01 15:07:10,1,utilidades_domesticas
ORD-BR-00321,CUST-BR-0009,PROD-BR-035,377.15,2025-10-02 15:47:10,2,utilidades_domesticas
ORD-BR-00322,CUST-BR-0041,PROD-BR-023,232.83,2025-09-15 09:45:10,2,eletronicos
ORD-BR-00323,CUST-BR-0053,PROD-BR-005,446.54,2025-10-28 16:07:10,1,utilidades_domesticas
ORD-BR-00324,CUST-BR-0009,PROD-BR-002,331.61,2026-07-11 07:51:10,1,eletronicos
ORD-BR-00325,CUST-BR-0026,PROD-BR-013,215.63,2025-08-25 19:39:10,1,utilidades_domesticas
ORD-BR-00326,CUST-BR-0030,PROD-BR-040,168.7,2025-12-14 09:24:10,3,eletronicos
ORD-BR-00327,CUST-BR-0067,PROD-BR-016,372.24,2025-11-07 18:01:10,3,eletronicos
ORD-BR-00328,CUST-BR-0019,PROD-BR-031,363.6,2025-12-11 12:39:10,3,utilidades_domesticas
ORD-BR-00329,CUST-BR-0072,PROD-BR-037,77.6,2025-09-11 13:34:10,2,eletronicos
ORD-BR-00330,CUST-BR-0027,PROD-BR-030,247.22,2026-05-28 18:26:10,1,alimentos
ORD-BR-00331,CUST-BR-0005,PROD-BR-024,15.23,2025-10-23 07:51:10,1,eletronicos
ORD-BR-00332,CUST-BR-0008,PROD-BR-039,298.73,2025-12-18 19:06:10,1,esportes
ORD-BR-00333,CUST-BR-0014,PROD-BR-008,78.89,2026-04-10 17:41:10,1,eletronicos
ORD-BR-00334,CUST-BR-0045,PROD-BR-020,371.35,2026-05-22 11:09:10,2,utilidades_domesticas
ORD-BR-00335,CUST-BR-0032,PROD-BR-038,335.94,2025-07-28 08:45:10,2,utilidades_domesticas
ORD-BR-00336,CUST-BR-0017,PROD-BR-020,341.37,2025-10-14 12:05:10,2,esportes
ORD-BR-00337,CUST-BR-0030,PROD-BR-025,110.35,2026-03-30 13:39:10,2,moda
ORD-BR-00338,CUST-BR-0077,PROD-BR-013,52.4,2025-09-26 16:05:10,1,utilidades_domesticas
ORD-BR-00339,CUST-BR-0015,PROD-BR-038,373.05,2025-11-12 09:30:10,1,eletronicos
ORD-BR-00340,CUST-BR-0069,PROD-BR-007,299.29,2025-12-05 17:19:10,1,alimentos
ORD-BR-00341,CUST-BR-0032,PROD-BR-039,395.66,2025-09-16 13:15:10,3,utilidades_domesticas
ORD-BR-00342,CUST-BR-0037,PROD-BR-037,111.05,2026-07-03 20:12:10,1,utilidades_domesticas
ORD-BR-00343,CUST-BR-0024,PROD-BR-023,334.61,2026-01-01 16:16:10,1,esportes
ORD-BR-00344,CUST-BR-0031,PROD-BR-028,324.08,2026-02-04 16:53:10,3,alimentos
ORD-BR-00345,CUST-BR-0004,PROD-BR-005,276.68,2025-12-28 07:52:10,2,esportes
ORD-BR-00346,CUST-BR-0024,PROD-BR-022,344.69,2026-01-05 15:36:10,2,utilidades_domesticas
ORD-BR-00347,CUST-BR-0045,PROD-BR-027,182.64,2025-08-19 17:41:10,3,moda
ORD-BR-00348,CUST-BR-0013,PROD-BR-007,260.38,2025-10-19 08:51:10,1,moda
ORD-BR-00349,CUST-BR-0006,PROD-BR-024,15.46,2026-03-02 16:10:10,1,moda
ORD-BR-00350,CUST-BR-0062,PROD-BR-010,89.8,2025-09-28 15:13:10,2,moda
ORD-BR-00351,CUST-BR-0038,PROD-BR-012,222.1,2026-05-14 18:26:10,3,esportes
ORD-BR-00352,CUST-BR-0028,PROD-BR-018,269.81,2026-06-18 13:24:10,1,esportes
ORD-BR-00353,CUST-BR-0055,PROD-BR-035,108.13,2025-12-28 09:38:10,3,moda
ORD-BR-00354,CUST-BR-0009,PROD-BR-030,91.62,2025-08-18 12:33:10,2,moda
ORD-BR-00355,CUST-BR-0069,PROD-BR-038,154.37,2025-08-10 08:59:10,2,alimentos
ORD-BR-00356,CUST-BR-0043,PROD-BR-021,130.19,2025-11-21 10:24:10,2,eletronicos
ORD-BR-00357,CUST-BR-0017,PROD-BR-006,401.44,2026-06-16 14:45:10,1,alimentos
ORD-BR-00358,CUST-BR-0061,PROD-BR-029,65.17,2026-06-16 16:26:10,1,eletronicos
ORD-BR-00359,CUST-BR-0010,PROD-BR-030,385.79,2025-12-27 15:45:10,3,esportes
ORD-BR-00360,CUST-BR-0056,PROD-BR-040,448.55,2026-04-13 09:09:10,2,moda
ORD-BR-00361,CUST-BR-0033,PROD-BR-022,155.91,2025-12-21 07:33:10,2,utilidades_domesticas
ORD-BR-00362,CUST-BR-0074,PROD-BR-032,89.1,2026-06-23 08:55:10,3,alimentos
ORD-BR-00363,CUST-BR-0040,PROD-BR-012,229.75,2026-04-30 19:40:10,1,moda
ORD-BR-00364,CUST-BR-0065,PROD-BR-014,269.37,2026-07-01 19:43:10,2,alimentos
ORD-BR-00365,CUST-BR-0026,PROD-BR-017,99.05,2025-12-31 08:59:10,3,alimentos
ORD-BR-00366,CUST-BR-0003,PROD-BR-018,171.02,2025-08-19 18:12:10,2,esportes
ORD-BR-00367,CUST-BR-0035,PROD-BR-018,290.42,2026-03-12 12:46:10,2,esportes
ORD-BR-00368,CUST-BR-0059,PROD-BR-001,158.23,2026-06-15 18:16:10,2,esportes
ORD-BR-00369,CUST-BR-0046,PROD-BR-013,215.89,2025-10-19 13:18:10,1,utilidades_domesticas
ORD-BR-00370,CUST-BR-0030,PROD-BR-016,165.39,2026-03-09 11:53:10,1,moda
ORD-BR-00371,CUST-BR-0008,PROD-BR-032,87.24,2025-08-07 11:52:10,2,esportes
ORD-BR-00372,CUST-BR-0070,PROD-BR-016,259.76,2026-04-02 19:43:10,1,moda
ORD-BR-00373,CUST-BR-0021,PROD-BR-032,374.65,2026-04-14 16:52:10,3,moda
ORD-BR-00374,CUST-BR-0009,PROD-BR-002,37.87,2026-06-15 09:56:10,3,utilidades_domesticas
ORD-BR-00375,CUST-BR-0032,PROD-BR-019,416.9,2026-03-08 20:10:10,3,eletronicos
ORD-BR-00376,CUST-BR-0050,PROD-BR-026,310.98,2026-02-08 19:21:10,1,eletronicos
ORD-BR-00377,CUST-BR-0003,PROD-BR-020,338.41,2026-06-10 14:25:10,1,esportes
ORD-BR-00378,CUST-BR-0017,PROD-BR-024,17.38,2026-05-19 10:50:10,2,moda
ORD-BR-00379,CUST-BR-0027,PROD-BR-036,397.26,2026-02-04 18:16:10,3,esportes
ORD-BR-00380,CUST-BR-0005,PROD-BR-023,84.86,2025-11-25 18:54:10,1,moda
ORD-BR-00381,CUST-BR-0040,PROD-BR-036,248.37,2025-12-18 17:29:10,1,alimentos
ORD-BR-00382,CUST-BR-0064,PROD-BR-023,96.61,2026-06-29 08:17:10,3,moda
ORD-BR-00383,CUST-BR-0071,PROD-BR-018,177.89,2026-06-16 15:17:10,1,alimentos
ORD-BR-00384,CUST-BR-0041,PROD-BR-017,260.51,2025-08-18 13:08:10,2,eletronicos
ORD-BR-00385,CUST-BR-0049,PROD-BR-008,199.87,2026-03-02 20:04:10,3,eletronicos
ORD-BR-00386,CUST-BR-0011,PROD-BR-021,360.72,2025-11-24 08:45:10,1,utilidades_domesticas
ORD-BR-00387,CUST-BR-0023,PROD-BR-035,147.15,2025-10-01 17:25:10,3,eletronicos
ORD-BR-00388,CUST-BR-0076,PROD-BR-013,216.7,2026-05-27 07:22:10,2,eletronicos
ORD-BR-00389,CUST-BR-0014,PROD-BR-031,305.72,2025-12-17 15:55:10,1,alimentos
ORD-BR-00390,CUST-BR-0011,PROD-BR-038,215.85,2025-11-27 17:57:10,1,esportes
ORD-BR-00391,CUST-BR-0018,PROD-BR-039,75.74,2026-06-27 14:15:10,2,alimentos
ORD-BR-00392,CUST-BR-0015,PROD-BR-007,427.08,2025-09-19 13:41:10,1,eletronicos
ORD-BR-00393,CUST-BR-0065,PROD-BR-019,438.87,2025-09-23 12:34:10,1,eletronicos
ORD-BR-00394,CUST-BR-0080,PROD-BR-024,290.89,2025-08-11 14:59:10,3,eletronicos
ORD-BR-00395,CUST-BR-0035,PROD-BR-020,30.62,2025-11-20 12:28:10,1,utilidades_domesticas
ORD-BR-00396,CUST-BR-0039,PROD-BR-035,32.57,2026-01-23 12:19:10,3,eletronicos
ORD-BR-00397,CUST-BR-0025,PROD-BR-018,407.8,2025-09-25 16:53:10,2,utilidades_domesticas
ORD-BR-00398,CUST-BR-0061,PROD-BR-004,66.11,2025-07-29 12:16:10,3,esportes
ORD-BR-00399,CUST-BR-0067,PROD-BR-019,82.75,2025-10-23 07:21:10,3,eletronicos
ORD-BR-00400,CUST-BR-0070,PROD-BR-032,187.8,2026-01-23 08:15:10,2,utilidades_domesticas
ORD-BR-00401,CUST-BR-0006,PROD-BR-001,436.41,2026-04-27 13:19:10,1,esportes
ORD-BR-00402,CUST-BR-0042,PROD-BR-019,434.5,2025-11-03 17:32:10,1,moda
ORD-BR-00403,CUST-BR-0070,PROD-BR-031,322.91,2025-09-23 09:00:10,2,moda
ORD-BR-00404,CUST-BR-0050,PROD-BR-022,425.37,2026-05-11 09:18:10,3,eletronicos
ORD-BR-00405,CUST-BR-0064,PROD-BR-004,252.37,2026-02-25 09:15:10,2,alimentos
ORD-BR-00406,CUST-BR-0018,PROD-BR-031,321.6,2026-01-26 20:14:10,3,utilidades_domesticas
ORD-BR-00407,CUST-BR-0037,PROD-BR-005,183.06,2026-04-17 13:47:10,1,moda
ORD-BR-00408,CUST-BR-0010,PROD-BR-032,48.68,2025-11-21 09:44:10,1,utilidades_domesticas
ORD-BR-00409,CUST-BR-0036,PROD-BR-037,419.85,2026-02-04 18:03:10,3,utilidades_domesticas
ORD-BR-00410,CUST-BR-0026,PROD-BR-010,104.53,2026-02-20 08:23:10,1,eletronicos
ORD-BR-00411,CUST-BR-0018,PROD-BR-037,239.35,2025-10-23 20:09:10,2,alimentos
ORD-BR-00412,CUST-BR-0004,PROD-BR-006,36.37,2026-06-18 19:18:10,1,eletronicos
ORD-BR-00413,CUST-BR-0006,PROD-BR-008,99.88,2025-11-19 09:16:10,1,esportes
ORD-BR-00414,CUST-BR-0021,PROD-BR-027,287.31,2026-02-04 12:14:10,2,esportes
ORD-BR-00415,CUST-BR-0065,PROD-BR-039,283.74,2026-04-28 09:50:10,2,esportes
ORD-BR-00416,CUST-BR-0011,PROD-BR-015,54.4,2026-05-23 16:16:10,2,esportes
ORD-BR-00417,CUST-BR-0036,PROD-BR-025,426.38,2025-12-31 09:45:10,3,moda
ORD-BR-00418,CUST-BR-0010,PROD-BR-029,94.52,2025-11-27 12:06:10,2,alimentos
ORD-BR-00419,CUST-BR-0053,PROD-BR-038,307.69,2026-02-22 11:31:10,1,moda
ORD-BR-00420,CUST-BR-0062,PROD-BR-020,88.46,2025-12-18 17:34:10,3,esportes
ORD-BR-00421,CUST-BR-0016,PROD-BR-040,61.68,2026-03-30 20:06:10,2,utilidades_domesticas
ORD-BR-00422,CUST-BR-0003,PROD-BR-040,204.95,2026-01-10 13:51:10,2,utilidades_domesticas
ORD-BR-00423,CUST-BR-0039,PROD-BR-014,222.91,2025-10-21 19:26:10,3,eletronicos
ORD-BR-00424,CUST-BR-0059,PROD-BR-017,114.17,2025-12-13 19:24:10,2,utilidades_domesticas
ORD-BR-00425,CUST-BR-0005,PROD-BR-011,441.9,2026-03-31 15:57:10,1,eletronicos
ORD-BR-00426,CUST-BR-0023,PROD-BR-012,41.24,2025-12-30 14:13:10,2,esportes
ORD-BR-00427,CUST-BR-0052,PROD-BR-005,355.06,2026-04-30 18:03:10,3,eletronicos
ORD-BR-00428,CUST-BR-0016,PROD-BR-001,289.51,2025-12-15 12:58:10,3,moda
ORD-BR-00429,CUST-BR-0054,PROD-BR-029,307.26,2025-10-30 11:46:10,3,esportes
ORD-BR-00430,CUST-BR-0048,PROD-BR-031,368.27,2026-06-27 16:42:10,2,alimentos
ORD-BR-00431,CUST-BR-0059,PROD-BR-003,214.97,2025-11-24 13:23:10,2,eletronicos
ORD-BR-00432,CUST-BR-0028,PROD-BR-019,101.38,2025-09-29 15:04:10,1,alimentos
ORD-BR-00433,CUST-BR-0060,PROD-BR-030,404.19,2025-11-26 15:27:10,3,utilidades_domesticas
ORD-BR-00434,CUST-BR-0008,PROD-BR-015,82.17,2025-10-20 14:27:10,3,alimentos
ORD-BR-00435,CUST-BR-0024,PROD-BR-038,245.29,2025-10-23 09:44:10,1,eletronicos
ORD-BR-00436,CUST-BR-0014,PROD-BR-028,91.2,2026-05-30 17:05:10,3,utilidades_domesticas
ORD-BR-00437,CUST-BR-0039,PROD-BR-035,79.13,2026-04-12 12:07:10,2,eletronicos
ORD-BR-00438,CUST-BR-0031,PROD-BR-010,254.35,2025-10-20 10:39:10,1,alimentos
ORD-BR-00439,CUST-BR-0006,PROD-BR-010,224.29,2026-05-10 16:29:10,1,utilidades_domesticas
ORD-BR-00440,CUST-BR-0009,PROD-BR-004,209.98,2026-04-23 15:05:10,3,eletronicos
ORD-BR-00441,CUST-BR-0020,PROD-BR-020,171.95,2025-12-19 17:37:10,1,esportes
ORD-BR-00442,CUST-BR-0028,PROD-BR-037,119.8,2025-09-15 10:48:10,2,alimentos
ORD-BR-00443,CUST-BR-0026,PROD-BR-029,133.67,2026-06-09 16:31:10,2,utilidades_domesticas
ORD-BR-00444,CUST-BR-0057,PROD-BR-030,175.63,2025-08-29 07:46:10,1,alimentos
ORD-BR-00445,CUST-BR-0062,PROD-BR-026,419.55,2026-06-05 10:52:10,2,alimentos
ORD-BR-00446,CUST-BR-0002,PROD-BR-033,449.49,2026-01-10 15:58:10,3,esportes
ORD-BR-00447,CUST-BR-0072,PROD-BR-032,410.24,2025-12-31 14:47:10,2,moda
ORD-BR-00448,CUST-BR-0061,PROD-BR-006,21.88,2026-04-27 11:48:10,1,esportes
ORD-BR-00449,CUST-BR-0040,PROD-BR-003,192.2,2026-02-09 13:48:10,2,moda
ORD-BR-00450,CUST-BR-0052,PROD-BR-021,62.27,2026-02-04 16:53:10,3,esportes
ORD-BR-00451,CUST-BR-0064,PROD-BR-017,383.81,2026-03-29 09:32:10,3,utilidades_domesticas
ORD-BR-00452,CUST-BR-0010,PROD-BR-006,151.74,2026-07-10 16:12:10,3,eletronicos
ORD-BR-00453,CUST-BR-0022,PROD-BR-037,278.74,2025-08-28 13:05:10,2,esportes
ORD-BR-00454,CUST-BR-0080,PROD-BR-002,143.89,2026-06-19 12:41:10,2,alimentos
ORD-BR-00455,CUST-BR-0016,PROD-BR-037,40.21,2025-09-29 09:34:10,2,utilidades_domesticas
ORD-BR-00456,CUST-BR-0005,PROD-BR-012,311.38,2026-06-23 16:44:10,3,moda
ORD-BR-00457,CUST-BR-0015,PROD-BR-034,368.21,2026-03-14 10:04:10,3,moda
ORD-BR-00458,CUST-BR-0062,PROD-BR-018,309.8,2025-10-17 19:14:10,1,eletronicos
ORD-BR-00459,CUST-BR-0019,PROD-BR-038,135.15,2026-07-11 17:45:10,2,moda
ORD-BR-00460,CUST-BR-0001,PROD-BR-032,203.14,2026-06-29 14:36:10,2,utilidades_domesticas
ORD-BR-00461,CUST-BR-0063,PROD-BR-031,350.75,2026-03-24 11:06:10,2,alimentos
ORD-BR-00462,CUST-BR-0068,PROD-BR-027,16.87,2025-11-27 17:10:10,1,alimentos
ORD-BR-00463,CUST-BR-0080,PROD-BR-021,31.81,2026-02-06 14:42:10,1,utilidades_domesticas
ORD-BR-00464,CUST-BR-0059,PROD-BR-011,53.73,2025-09-26 18:51:10,3,alimentos
ORD-BR-00465,CUST-BR-0060,PROD-BR-027,176.62,2025-09-02 12:40:10,1,moda
ORD-BR-00466,CUST-BR-0046,PROD-BR-019,223.55,2025-09-19 09:32:10,2,moda
ORD-BR-00467,CUST-BR-0052,PROD-BR-036,315.32,2026-04-08 18:52:10,1,utilidades_domesticas
ORD-BR-00468,CUST-BR-0053,PROD-BR-030,416.66,2026-07-05 09:45:10,2,utilidades_domesticas
ORD-BR-00469,CUST-BR-0059,PROD-BR-021,343.24,2025-08-08 11:19:10,3,alimentos
ORD-BR-00470,CUST-BR-0011,PROD-BR-021,95.64,2025-08-17 12:48:10,1,utilidades_domesticas
ORD-BR-00471,CUST-BR-0024,PROD-BR-026,361.29,2025-12-06 13:35:10,1,esportes
ORD-BR-00472,CUST-BR-0051,PROD-BR-001,134.25,2026-06-08 15:08:10,1,esportes
ORD-BR-00473,CUST-BR-0011,PROD-BR-030,425.55,2025-08-25 10:37:10,2,moda
ORD-BR-00474,CUST-BR-0033,PROD-BR-004,188.65,2025-12-06 19:34:10,3,eletronicos
ORD-BR-00475,CUST-BR-0013,PROD-BR-034,293.07,2025-10-14 07:26:10,2,alimentos
ORD-BR-00476,CUST-BR-0032,PROD-BR-040,385.18,2026-04-23 09:33:10,3,moda
ORD-BR-00477,CUST-BR-0019,PROD-BR-029,36.98,2025-10-11 18:25:10,3,utilidades_domesticas
ORD-BR-00478,CUST-BR-0008,PROD-BR-014,345.59,2026-05-24 14:39:10,2,alimentos
ORD-BR-00479,CUST-BR-0063,PROD-BR-036,423.25,2026-02-17 08:28:10,1,eletronicos
ORD-BR-00480,CUST-BR-0005,PROD-BR-019,244.44,2026-04-04 19:47:10,3,moda
ORD-BR-00481,CUST-BR-0066,PROD-BR-032,340.97,2026-07-06 16:23:10,2,utilidades_domesticas
ORD-BR-00482,CUST-BR-0079,PROD-BR-002,233.75,2025-10-25 12:27:10,1,esportes
ORD-BR-00483,CUST-BR-0047,PROD-BR-016,186.87,2026-03-14 13:50:10,3,eletronicos
ORD-BR-00484,CUST-BR-0064,PROD-BR-020,335.39,2026-04-25 20:14:10,1,esportes
ORD-BR-00485,CUST-BR-0042,PROD-BR-001,97.01,2025-10-26 15:35:10,2,esportes
ORD-BR-00486,CUST-BR-0001,PROD-BR-027,414.27,2026-04-28 13:17:10,3,utilidades_domesticas
ORD-BR-00487,CUST-BR-0029,PROD-BR-015,292.63,2025-09-08 19:44:10,2,utilidades_domesticas
ORD-BR-00488,CUST-BR-0018,PROD-BR-030,194.38,2026-01-01 08:19:10,1,utilidades_domesticas
ORD-BR-00489,CUST-BR-0023,PROD-BR-010,357.69,2026-02-22 18:26:10,2,moda
ORD-BR-00490,CUST-BR-0039,PROD-BR-019,146.07,2025-11-29 15:18:10,3,esportes
ORD-BR-00491,CUST-BR-0027,PROD-BR-018,278.77,2025-10-11 17:33:10,1,moda
ORD-BR-00492,CUST-BR-0076,PROD-BR-031,110.77,2026-03-09 20:09:10,1,moda
ORD-BR-00493,CUST-BR-0046,PROD-BR-016,230.59,2026-06-12 16:39:10,2,moda
ORD-BR-00494,CUST-BR-0066,PROD-BR-036,28.44,2025-08-02 12:41:10,3,eletronicos
ORD-BR-00495,CUST-BR-0076,PROD-BR-025,37.13,2026-05-15 12:45:10,2,eletronicos
ORD-BR-00496,CUST-BR-0042,PROD-BR-039,339.54,2026-04-11 14:36:10,3,esportes
ORD-BR-00497,CUST-BR-0018,PROD-BR-009,246.11,2026-04-06 18:38:10,2,utilidades_domesticas
ORD-BR-00498,CUST-BR-0064,PROD-BR-018,26.82,2026-04-22 17:35:10,1,moda
ORD-BR-00499,CUST-BR-0057,PROD-BR-022,291.47,2025-11-13 19:47:10,2,esportes
ORD-BR-00500,CUST-BR-0009,PROD-BR-018,210.55,2026-04-09 19:52:10,2,utilidades_domesticas
