Invoice,StockCode,Description,Quantity,InvoiceDate,Price,Customer ID,Country
INV-500000,SC00019,Product T-19,5,2025-08-03 14:01:17,20.39,CUST-UK-10465,France
INV-500001,SC00038,Product M-38,4,2025-11-16 17:17:17,22.62,CUST-UK-11128,Spain
INV-500002,SC00010,Product K-10,8,2026-03-15 17:31:17,5.69,CUST-UK-11065,Spain
INV-500003,SC00035,Product J-35,10,2025-08-13 09:50:17,2.31,CUST-UK-10570,Spain
INV-500004,SC00023,Product X-23,20,2025-07-22 10:14:17,19.47,CUST-UK-10298,France
INV-500005,SC00036,Product K-36,8,2026-02-26 12:35:17,17.96,CUST-UK-15107,Spain
INV-500006,SC00030,Product E-30,9,2025-12-09 13:24:17,4.66,CUST-UK-13365,France
INV-500007,SC00013,Product N-13,11,2026-04-27 15:58:17,21.13,CUST-UK-11228,Germany
INV-500008,SC00037,Product L-37,17,2026-03-19 11:39:17,2.4,CUST-UK-17052,Spain
INV-500009,SC00015,Product P-15,19,2026-04-16 10:01:17,22.79,CUST-UK-11732,Spain
INV-500010,SC00003,Product D-3,14,2025-08-21 11:41:17,14.08,CUST-UK-12276,France
INV-500011,SC00048,Product W-48,4,2026-02-23 13:19:17,17.49,CUST-UK-14988,Spain
INV-500012,SC00046,Product U-46,17,2026-02-21 15:16:17,11.45,CUST-UK-10411,Spain
INV-500013,SC00025,Product Z-25,24,2025-12-07 11:48:17,18.7,CUST-UK-11778,Germany
INV-500014,SC00032,Product G-32,20,2026-04-18 11:32:17,19.13,CUST-UK-17687,United Kingdom
INV-500015,SC00009,Product J-9,2,2025-12-31 13:12:17,12.55,CUST-UK-14957,France
INV-500016,SC00007,Product H-7,15,2026-06-26 13:20:17,2.26,CUST-UK-13279,Spain
INV-500017,SC00007,Product H-7,13,2026-01-15 15:11:17,11.97,CUST-UK-17373,Spain
INV-500018,SC00001,Product B-1,11,2026-06-29 17:13:17,5.81,CUST-UK-11152,Germany
INV-500019,SC00027,Product B-27,16,2025-08-15 13:43:17,18.47,CUST-UK-13455,Germany
INV-500020,SC00005,Product F-5,14,2026-03-27 08:55:17,23.56,CUST-UK-17734,Spain
INV-500021,SC00017,Product R-17,5,2025-09-10 12:19:17,10.6,CUST-UK-12609,France
INV-500022,SC00040,Product O-40,6,2025-10-25 14:52:17,12.76,CUST-UK-11251,Spain
INV-500023,SC00042,Product Q-42,9,2026-04-13 13:33:17,7.53,CUST-UK-17990,United Kingdom
INV-500024,SC00022,Product W-22,7,2025-11-16 11:23:17,24.84,CUST-UK-10070,Spain
INV-500025,SC00021,Product V-21,9,2026-07-07 09:14:17,23.36,CUST-UK-15112,Spain
INV-500026,SC00035,Product J-35,13,2025-11-06 10:05:17,7.93,CUST-UK-17509,United Kingdom
INV-500027,SC00040,Product O-40,11,2025-12-19 11:41:17,20.06,CUST-UK-17880,United Kingdom
INV-500028,SC00016,Product Q-16,8,2026-06-26 10:45:17,14.24,CUST-UK-11395,France
INV-500029,SC00015,Product P-15,10,2026-01-12 14:20:17,8.67,CUST-UK-13266,United Kingdom
INV-500030,SC00028,Product C-28,4,2025-12-13 11:14:17,21.34,CUST-UK-17883,United Kingdom
INV-500031,SC00049,Product X-49,3,2025-12-21 08:56:17,1.02,CUST-UK-16074,United Kingdom
INV-500032,SC00029,Product D-29,5,2026-07-02 10:49:17,7.24,CUST-UK-15497,Germany
INV-500033,SC00045,Product T-45,-23,2025-08-04 08:46:17,21.3,CUST-UK-14653,France
INV-500034,SC00002,Product C-2,15,2025-08-18 10:13:17,11.35,CUST-UK-13061,United Kingdom
INV-500035,SC00021,Product V-21,-16,2025-08-07 13:30:17,4.88,CUST-UK-17144,United Kingdom
INV-500036,SC00019,Product T-19,14,2026-02-13 17:02:17,5.47,CUST-UK-16466,France
INV-500037,SC00024,Product Y-24,5,2026-03-09 10:25:17,12.6,CUST-UK-14795,Spain
INV-500038,SC00010,Product K-10,12,2026-01-31 11:37:17,6.0,CUST-UK-15870,Germany
INV-500039,SC00034,Product I-34,-12,2025-07-28 09:03:17,11.26,CUST-UK-15691,Spain
INV-500040,SC00037,Product L-37,15,2026-01-25 13:57:17,20.36,CUST-UK-11772,Germany
INV-500041,SC00011,Product L-11,21,2026-03-28 08:49:17,6.52,CUST-UK-13800,Germany
INV-500042,SC00006,Product G-6,6,2025-09-14 09:34:17,10.64,CUST-UK-10665,Spain
INV-500043,SC00040,Product O-40,14,2025-09-14 10:31:17,23.27,CUST-UK-17405,Germany
INV-500044,SC00032,Product G-32,23,2026-01-21 09:00:17,0.8,CUST-UK-16984,Germany
INV-500045,SC00015,Product P-15,5,2026-04-15 15:40:17,13.98,CUST-UK-17247,Spain
INV-500046,SC00041,Product P-41,21,2026-04-25 08:46:17,15.56,CUST-UK-13848,France
INV-500047,SC00030,Product E-30,13,2025-12-10 14:16:17,2.34,CUST-UK-11228,France
INV-500048,SC00043,Product R-43,21,2026-03-24 14:53:17,12.99,CUST-UK-14357,United Kingdom
INV-500049,SC00030,Product E-30,4,2025-11-02 17:40:17,4.78,CUST-UK-15864,France
INV-500050,SC00044,Product S-44,12,2025-11-26 10:25:17,18.49,CUST-UK-10783,Germany
INV-500051,SC00005,Product F-5,16,2025-09-28 17:33:17,6.42,CUST-UK-13025,Spain
INV-500052,SC00023,Product X-23,23,2026-02-11 14:11:17,17.48,CUST-UK-15152,France
INV-500053,SC00041,Product P-41,11,2026-07-06 12:51:17,8.82,CUST-UK-10707,Spain
INV-500054,SC00045,Product T-45,12,2025-11-01 09:07:17,7.49,CUST-UK-14091,France
INV-500055,SC00030,Product E-30,18,2025-11-10 09:32:17,11.44,CUST-UK-14160,France
INV-500056,SC00013,Product N-13,16,2026-04-29 16:57:17,22.18,CUST-UK-15515,Spain
INV-500057,SC00031,Product F-31,7,2026-01-06 10:51:17,1.66,CUST-UK-11221,United Kingdom
INV-500058,SC00016,Product Q-16,4,2026-01-25 11:09:17,10.65,CUST-UK-14333,Spain
INV-500059,SC00037,Product L-37,11,2026-01-17 10:59:17,9.66,CUST-UK-10256,France
INV-500060,SC00037,Product L-37,-3,2025-11-08 14:27:17,6.58,CUST-UK-12686,France
INV-500061,SC00045,Product T-45,19,2025-12-25 11:06:17,13.5,CUST-UK-16482,France
INV-500062,SC00002,Product C-2,1,2025-09-24 13:51:17,8.95,CUST-UK-16834,Spain
INV-500063,SC00018,Product S-18,3,2025-12-12 14:48:17,1.05,CUST-UK-16262,United Kingdom
INV-500064,SC00037,Product L-37,19,2026-07-03 13:57:17,19.8,CUST-UK-14013,United Kingdom
INV-500065,SC00039,Product N-39,24,2026-02-27 11:37:17,11.4,CUST-UK-17848,Spain
INV-500066,SC00019,Product T-19,4,2026-06-26 13:14:17,24.7,CUST-UK-11520,Germany
INV-500067,SC00039,Product N-39,3,2025-07-17 09:09:17,12.26,CUST-UK-16741,France
INV-500068,SC00015,Product P-15,12,2025-09-05 17:00:17,1.77,CUST-UK-15807,Germany
INV-500069,SC00040,Product O-40,19,2026-06-21 16:58:17,10.88,CUST-UK-14032,France
INV-500070,SC00044,Product S-44,13,2025-07-15 17:26:17,6.84,CUST-UK-17047,Germany
INV-500071,SC00041,Product P-41,4,2026-01-11 15:33:17,21.46,CUST-UK-13586,United Kingdom
INV-500072,SC00041,Product P-41,13,2026-05-22 12:02:17,5.07,CUST-UK-15654,United Kingdom
INV-500073,SC00020,Product U-20,10,2025-10-29 09:44:17,17.16,CUST-UK-13134,Spain
INV-500074,SC00003,Product D-3,17,2025-12-27 10:12:17,9.2,CUST-UK-13204,France
INV-500075,SC00047,Product V-47,12,2025-11-15 11:25:17,21.39,CUST-UK-13732,Germany
INV-500076,SC00006,Product G-6,6,2025-08-01 13:58:17,8.89,CUST-UK-15929,France
INV-500077,SC00021,Product V-21,14,2025-07-26 14:12:17,18.8,CUST-UK-10991,Spain
INV-500078,SC00012,Product M-12,20,2025-11-14 10:00:17,15.36,CUST-UK-11208,Germany
INV-500079,SC00009,Product J-9,17,2026-03-27 12:25:17,4.49,CUST-UK-17942,France
INV-500080,SC00034,Product I-34,13,2025-08-21 13:31:17,15.52,CUST-UK-12781,France
INV-500081,SC00011,Product L-11,15,2025-07-17 09:37:17,3.15,CUST-UK-12116,France
INV-500082,SC00031,Product F-31,7,2026-04-14 11:02:17,7.34,CUST-UK-12183,France
INV-500083,SC00048,Product W-48,11,2025-09-20 17:05:17,8.53,CUST-UK-13081,France
INV-500084,SC00008,Product I-8,1,2025-11-08 09:18:17,19.04,CUST-UK-14795,Spain
INV-500085,SC00005,Product F-5,2,2026-07-07 12:37:17,8.21,CUST-UK-14033,Germany
INV-500086,SC00049,Product X-49,19,2025-07-24 14:47:17,22.44,CUST-UK-11358,Germany
INV-500087,SC00044,Product S-44,18,2025-12-17 10:28:17,23.27,CUST-UK-16451,Spain
INV-500088,SC00036,Product K-36,24,2026-01-07 09:37:17,2.79,CUST-UK-12212,France
INV-500089,SC00006,Product G-6,17,2026-03-07 09:45:17,15.26,CUST-UK-16161,Spain
INV-500090,SC00001,Product B-1,3,2026-01-17 16:03:17,10.65,CUST-UK-16814,France
INV-500091,SC00035,Product J-35,12,2025-07-27 14:09:17,10.92,CUST-UK-12121,United Kingdom
INV-500092,SC00030,Product E-30,7,2025-07-29 15:53:17,10.94,CUST-UK-16055,France
INV-500093,SC00044,Product S-44,2,2025-11-08 15:12:17,12.82,CUST-UK-13341,France
INV-500094,SC00038,Product M-38,9,2025-07-30 10:28:17,10.63,CUST-UK-13866,Spain
INV-500095,SC00041,Product P-41,17,2026-05-07 16:58:17,24.21,CUST-UK-17758,France
INV-500096,SC00007,Product H-7,4,2026-02-07 15:52:17,4.66,CUST-UK-11813,Germany
INV-500097,SC00031,Product F-31,8,2026-05-05 11:17:17,3.32,CUST-UK-12107,United Kingdom
INV-500098,SC00040,Product O-40,18,2025-11-17 14:05:17,15.15,CUST-UK-11445,France
INV-500099,SC00040,Product O-40,13,2026-05-04 08:46:17,16.74,CUST-UK-14097,Germany
INV-500100,SC00042,Product Q-42,23,2025-11-26 10:06:17,5.06,CUST-UK-12085,United Kingdom
INV-500101,SC00041,Product P-41,9,2025-11-06 10:17:17,4.33,CUST-UK-15744,Spain
INV-500102,SC00045,Product T-45,24,2026-03-28 09:25:17,21.88,CUST-UK-12057,France
INV-500103,SC00042,Product Q-42,23,2026-01-03 15:37:17,23.28,CUST-UK-10702,Spain
INV-500104,SC00008,Product I-8,8,2026-03-07 17:03:17,11.59,CUST-UK-15899,Germany
INV-500105,SC00003,Product D-3,14,2025-12-10 10:54:17,17.78,CUST-UK-17187,United Kingdom
INV-500106,SC00020,Product U-20,1,2026-02-19 09:17:17,8.81,CUST-UK-14707,Spain
INV-500107,SC00008,Product I-8,20,2026-03-07 12:48:17,21.97,CUST-UK-17598,United Kingdom
INV-500108,SC00016,Product Q-16,8,2026-01-05 10:33:17,13.66,CUST-UK-13739,Germany
INV-500109,SC00025,Product Z-25,12,2025-10-28 15:46:17,9.96,CUST-UK-12951,Spain
INV-500110,SC00024,Product Y-24,7,2025-09-18 10:24:17,10.01,CUST-UK-11955,Spain
INV-500111,SC00038,Product M-38,24,2025-11-14 15:14:17,14.89,CUST-UK-16174,Germany
INV-500112,SC00027,Product B-27,13,2025-10-16 17:00:17,19.94,CUST-UK-12813,United Kingdom
INV-500113,SC00032,Product G-32,24,2025-08-02 15:08:17,11.73,CUST-UK-15586,Spain
INV-500114,SC00018,Product S-18,14,2025-07-18 09:09:17,18.91,CUST-UK-10238,United Kingdom
INV-500115,SC00045,Product T-45,21,2026-01-12 09:25:17,15.5,CUST-UK-16954,France
INV-500116,SC00014,Product O-14,21,2025-12-21 15:17:17,1.39,CUST-UK-10792,Spain
INV-500117,SC00029,Product D-29,4,2026-01-30 14:55:17,10.8,CUST-UK-16882,Germany
INV-500118,SC00024,Product Y-24,9,2025-07-19 10:35:17,5.51,CUST-UK-15533,United Kingdom
INV-500119,SC00044,Product S-44,18,2025-08-15 13:35:17,7.66,CUST-UK-16113,France
INV-500120,SC00035,Product J-35,17,2025-09-20 16:52:17,8.04,CUST-UK-14851,France
INV-500121,SC00004,Product E-4,2,2025-10-28 14:45:17,0.62,CUST-UK-15827,Spain
INV-500122,SC00018,Product S-18,23,2026-06-24 15:41:17,12.06,CUST-UK-11920,Germany
INV-500123,SC00008,Product I-8,3,2026-01-04 16:08:17,11.06,CUST-UK-12597,Spain
INV-500124,SC00006,Product G-6,22,2025-10-26 14:20:17,2.43,CUST-UK-13137,Germany
INV-500125,SC00042,Product Q-42,19,2025-11-29 08:53:17,4.78,CUST-UK-12816,United Kingdom
INV-500126,SC00004,Product E-4,12,2025-08-17 15:31:17,1.3,CUST-UK-17623,France
INV-500127,SC00016,Product Q-16,18,2025-08-05 09:06:17,24.66,CUST-UK-10642,Germany
INV-500128,SC00037,Product L-37,5,2025-11-09 09:50:17,12.7,CUST-UK-16657,Germany
INV-500129,SC00005,Product F-5,8,2026-02-08 10:05:17,11.0,CUST-UK-16614,Germany
INV-500130,SC00038,Product M-38,21,2025-08-15 14:55:17,14.41,CUST-UK-15227,Germany
INV-500131,SC00015,Product P-15,17,2025-08-06 10:53:17,7.56,CUST-UK-10553,France
INV-500132,SC00050,Product Y-50,2,2025-07-14 14:43:17,20.97,CUST-UK-10602,Germany
INV-500133,SC00039,Product N-39,22,2025-08-13 10:44:17,6.25,CUST-UK-10450,United Kingdom
INV-500134,SC00018,Product S-18,11,2025-12-30 13:28:17,12.48,CUST-UK-10224,Germany
INV-500135,SC00009,Product J-9,10,2026-01-10 17:41:17,1.77,CUST-UK-11201,France
INV-500136,SC00012,Product M-12,22,2025-10-25 12:48:17,17.29,CUST-UK-16105,United Kingdom
INV-500137,SC00043,Product R-43,2,2025-10-15 16:07:17,11.82,CUST-UK-12932,United Kingdom
INV-500138,SC00009,Product J-9,8,2025-12-14 11:24:17,9.44,CUST-UK-10325,United Kingdom
INV-500139,SC00023,Product X-23,6,2025-09-04 16:34:17,17.5,CUST-UK-14816,Germany
INV-500140,SC00038,Product M-38,6,2026-06-29 15:48:17,0.71,CUST-UK-10908,France
INV-500141,SC00002,Product C-2,5,2025-07-29 11:27:17,18.83,CUST-UK-17897,Germany
INV-500142,SC00017,Product R-17,15,2025-08-19 09:33:17,9.3,CUST-UK-14489,United Kingdom
INV-500143,SC00009,Product J-9,5,2025-07-15 11:18:17,5.14,CUST-UK-17929,Spain
INV-500144,SC00034,Product I-34,14,2026-01-11 10:06:17,19.91,CUST-UK-15533,United Kingdom
INV-500145,SC00048,Product W-48,10,2026-04-12 13:35:17,14.12,CUST-UK-16446,United Kingdom
INV-500146,SC00031,Product F-31,8,2026-04-09 11:34:17,17.21,CUST-UK-17268,Spain
INV-500147,SC00050,Product Y-50,5,2026-07-01 13:07:17,3.13,CUST-UK-14299,France
INV-500148,SC00033,Product H-33,13,2025-11-30 11:40:17,23.32,CUST-UK-16104,United Kingdom
INV-500149,SC00029,Product D-29,19,2025-08-26 08:54:17,22.56,CUST-UK-16122,Germany
INV-500150,SC00040,Product O-40,2,2026-06-15 14:49:17,15.97,CUST-UK-12096,United Kingdom
INV-500151,SC00047,Product V-47,22,2026-04-13 09:31:17,8.4,CUST-UK-15746,France
INV-500152,SC00030,Product E-30,23,2026-06-12 14:54:17,16.78,CUST-UK-13301,United Kingdom
INV-500153,SC00004,Product E-4,10,2025-12-18 15:27:17,5.46,CUST-UK-17981,Spain
INV-500154,SC00026,Product A-26,12,2026-03-20 13:02:17,1.7,CUST-UK-13856,Spain
INV-500155,SC00044,Product S-44,19,2025-12-06 16:17:17,18.15,CUST-UK-14681,United Kingdom
INV-500156,SC00032,Product G-32,19,2025-09-18 13:59:17,13.67,CUST-UK-10201,Spain
INV-500157,SC00005,Product F-5,3,2026-02-17 14:48:17,21.89,CUST-UK-12185,United Kingdom
INV-500158,SC00021,Product V-21,3,2026-01-29 15:02:17,5.93,CUST-UK-10119,Germany
INV-500159,SC00005,Product F-5,10,2026-04-05 17:31:17,8.8,CUST-UK-14747,Germany
INV-500160,SC00018,Product S-18,21,2026-04-02 13:32:17,13.23,CUST-UK-12118,France
INV-500161,SC00025,Product Z-25,19,2025-11-23 10:45:17,9.65,CUST-UK-11144,France
INV-500162,SC00030,Product E-30,13,2026-06-11 17:05:17,3.09,CUST-UK-11806,Spain
INV-500163,SC00007,Product H-7,21,2025-11-12 09:31:17,20.17,CUST-UK-13066,United Kingdom
INV-500164,SC00042,Product Q-42,15,2026-02-05 09:37:17,10.35,CUST-UK-11539,Germany
INV-500165,SC00028,Product C-28,23,2025-07-30 17:37:17,14.03,CUST-UK-17069,Spain
INV-500166,SC00015,Product P-15,20,2026-03-02 10:27:17,1.33,CUST-UK-15018,Spain
INV-500167,SC00022,Product W-22,12,2026-03-17 15:39:17,1.81,CUST-UK-16633,Spain
INV-500168,SC00026,Product A-26,23,2026-02-14 17:21:17,16.24,CUST-UK-17044,Spain
INV-500169,SC00047,Product V-47,21,2025-12-27 15:07:17,6.2,CUST-UK-10955,United Kingdom
INV-500170,SC00021,Product V-21,4,2025-11-04 16:04:17,13.94,CUST-UK-17958,Spain
INV-500171,SC00021,Product V-21,10,2025-09-28 11:52:17,15.84,CUST-UK-14506,France
INV-500172,SC00024,Product Y-24,4,2025-10-26 17:08:17,22.61,CUST-UK-17579,Germany
INV-500173,SC00044,Product S-44,13,2026-05-09 11:20:17,17.42,CUST-UK-14961,Spain
INV-500174,SC00005,Product F-5,23,2026-01-19 08:45:17,19.65,CUST-UK-11146,United Kingdom
INV-500175,SC00006,Product G-6,20,2025-11-26 10:43:17,11.21,CUST-UK-14077,United Kingdom
INV-500176,SC00028,Product C-28,6,2026-01-17 12:31:17,9.69,CUST-UK-10373,United Kingdom
INV-500177,SC00048,Product W-48,15,2026-06-30 11:53:17,13.81,CUST-UK-12557,France
INV-500178,SC00009,Product J-9,16,2025-10-08 12:49:17,7.49,CUST-UK-14390,United Kingdom
INV-500179,SC00038,Product M-38,6,2026-03-21 16:44:17,1.26,CUST-UK-12099,France
INV-500180,SC00043,Product R-43,17,2026-05-04 14:19:17,13.16,CUST-UK-15415,United Kingdom
INV-500181,SC00027,Product B-27,12,2026-02-16 11:06:17,16.55,CUST-UK-10330,France
INV-500182,SC00043,Product R-43,1,2025-08-10 17:05:17,18.9,CUST-UK-13805,Spain
INV-500183,SC00047,Product V-47,4,2026-05-08 12:15:17,21.54,CUST-UK-14959,United Kingdom
INV-500184,SC00019,Product T-19,-23,2026-06-15 09:51:17,20.99,CUST-UK-12839,France
INV-500185,SC00023,Product X-23,9,2025-08-08 14:54:17,8.69,CUST-UK-10031,United Kingdom
INV-500186,SC00037,Product L-37,11,2025-09-24 09:54:17,19.31,CUST-UK-15098,Germany
INV-500187,SC00010,Product K-10,21,2026-06-02 16:21:17,22.88,CUST-UK-10995,Spain
INV-500188,SC00015,Product P-15,10,2026-01-08 09:04:17,23.79,CUST-UK-13490,United Kingdom
INV-500189,SC00023,Product X-23,13,2025-12-08 16:22:17,1.27,CUST-UK-13653,France
INV-500190,SC00008,Product I-8,15,2025-08-18 10:10:17,16.82,CUST-UK-10413,France
INV-500191,SC00037,Product L-37,23,2025-11-16 11:35:17,19.44,CUST-UK-16554,Germany
INV-500192,SC00028,Product C-28,12,2025-08-12 10:50:17,21.59,CUST-UK-14464,United Kingdom
INV-500193,SC00039,Product N-39,9,2026-05-07 17:36:17,6.09,CUST-UK-17019,France
INV-500194,SC00002,Product C-2,14,2026-02-09 17:36:17,14.23,CUST-UK-12763,Germany
INV-500195,SC00018,Product S-18,17,2025-11-13 09:00:17,12.67,CUST-UK-11930,France
INV-500196,SC00022,Product W-22,16,2026-05-11 16:15:17,11.0,CUST-UK-11932,France
INV-500197,SC00001,Product B-1,6,2025-12-28 13:55:17,18.06,CUST-UK-16583,Germany
INV-500198,SC00010,Product K-10,14,2026-05-08 15:41:17,7.63,CUST-UK-16627,Spain
INV-500199,SC00005,Product F-5,23,2026-05-28 12:26:17,21.24,CUST-UK-16389,Germany
INV-500200,SC00048,Product W-48,11,2025-08-05 16:53:17,18.74,CUST-UK-10537,United Kingdom
INV-500201,SC00006,Product G-6,6,2025-12-23 17:37:17,3.1,CUST-UK-13155,Germany
INV-500202,SC00025,Product Z-25,21,2026-04-15 11:01:17,10.16,CUST-UK-14523,Spain
INV-500203,SC00030,Product E-30,14,2025-10-09 10:12:17,2.22,CUST-UK-16446,France
INV-500204,SC00011,Product L-11,12,2026-04-07 14:05:17,11.46,CUST-UK-12281,France
INV-500205,SC00020,Product U-20,8,2025-12-04 13:10:17,12.07,CUST-UK-14655,France
INV-500206,SC00050,Product Y-50,18,2026-04-23 16:23:17,20.11,CUST-UK-14662,United Kingdom
INV-500207,SC00004,Product E-4,3,2026-05-18 10:52:17,18.61,CUST-UK-14661,Germany
INV-500208,SC00011,Product L-11,17,2025-11-20 11:26:17,13.02,CUST-UK-11327,United Kingdom
INV-500209,SC00044,Product S-44,2,2026-06-22 12:05:17,21.93,CUST-UK-17005,United Kingdom
INV-500210,SC00018,Product S-18,20,2025-09-15 10:30:17,10.14,CUST-UK-17487,Spain
INV-500211,SC00043,Product R-43,17,2026-05-24 16:23:17,20.4,CUST-UK-14261,Spain
INV-500212,SC00032,Product G-32,12,2026-01-31 14:44:17,6.13,CUST-UK-12819,Spain
INV-500213,SC00027,Product B-27,20,2025-09-12 14:20:17,6.62,CUST-UK-17775,France
INV-500214,SC00014,Product O-14,21,2026-05-09 09:44:17,12.83,CUST-UK-14207,United Kingdom
INV-500215,SC00023,Product X-23,11,2026-07-07 11:43:17,20.28,CUST-UK-14451,Spain
INV-500216,SC00008,Product I-8,10,2025-10-11 12:22:17,18.65,CUST-UK-16743,France
INV-500217,SC00044,Product S-44,4,2026-04-23 10:51:17,0.57,CUST-UK-13147,Spain
INV-500218,SC00034,Product I-34,14,2026-03-26 10:54:17,7.17,CUST-UK-14747,France
INV-500219,SC00003,Product D-3,2,2025-12-26 15:53:17,14.59,CUST-UK-14237,Germany
INV-500220,SC00026,Product A-26,21,2026-07-07 09:00:17,19.24,CUST-UK-16887,United Kingdom
INV-500221,SC00001,Product B-1,5,2025-11-20 13:29:17,12.68,CUST-UK-11650,Germany
INV-500222,SC00020,Product U-20,6,2026-07-07 09:38:17,21.02,CUST-UK-10866,Germany
INV-500223,SC00050,Product Y-50,10,2025-08-10 14:35:17,17.61,CUST-UK-16380,Germany
INV-500224,SC00049,Product X-49,13,2026-01-19 15:16:17,23.02,CUST-UK-14905,France
INV-500225,SC00019,Product T-19,1,2025-08-17 14:01:17,11.41,CUST-UK-10579,France
INV-500226,SC00008,Product I-8,21,2025-08-13 14:46:17,4.46,CUST-UK-12396,United Kingdom
INV-500227,SC00032,Product G-32,4,2026-04-29 10:35:17,9.19,CUST-UK-10391,Spain
INV-500228,SC00012,Product M-12,13,2026-03-07 14:15:17,3.81,CUST-UK-13806,Germany
INV-500229,SC00025,Product Z-25,3,2025-08-23 15:49:17,5.81,CUST-UK-15102,Germany
INV-500230,SC00033,Product H-33,17,2026-04-15 14:57:17,23.41,CUST-UK-13631,France
INV-500231,SC00005,Product F-5,18,2025-11-29 13:32:17,24.72,CUST-UK-10601,Spain
INV-500232,SC00048,Product W-48,14,2026-05-02 15:47:17,9.16,CUST-UK-14271,United Kingdom
INV-500233,SC00028,Product C-28,9,2026-03-16 15:28:17,2.0,CUST-UK-17985,United Kingdom
INV-500234,SC00030,Product E-30,3,2025-12-23 14:18:17,8.56,CUST-UK-14571,United Kingdom
INV-500235,SC00021,Product V-21,22,2026-04-04 15:53:17,21.89,CUST-UK-11326,Spain
INV-500236,SC00037,Product L-37,-1,2025-09-25 15:07:17,14.19,CUST-UK-14170,Spain
INV-500237,SC00046,Product U-46,7,2025-10-22 15:18:17,7.55,CUST-UK-13476,Spain
INV-500238,SC00019,Product T-19,2,2026-03-14 15:18:17,24.53,CUST-UK-17430,United Kingdom
INV-500239,SC00026,Product A-26,6,2026-04-07 09:10:17,18.54,CUST-UK-11759,United Kingdom
INV-500240,SC00021,Product V-21,11,2025-08-28 10:33:17,20.75,CUST-UK-16066,Germany
INV-500241,SC00040,Product O-40,23,2026-03-17 12:20:17,9.61,CUST-UK-15198,Spain
INV-500242,SC00045,Product T-45,19,2026-02-19 08:54:17,11.24,CUST-UK-16069,France
INV-500243,SC00006,Product G-6,9,2025-10-09 14:55:17,2.07,CUST-UK-14702,Spain
INV-500244,SC00007,Product H-7,10,2025-08-08 15:25:17,11.07,CUST-UK-12494,Germany
INV-500245,SC00028,Product C-28,13,2026-05-04 12:01:17,16.69,CUST-UK-16064,Spain
INV-500246,SC00034,Product I-34,18,2026-06-25 11:54:17,10.65,CUST-UK-15472,United Kingdom
INV-500247,SC00026,Product A-26,13,2026-01-19 10:01:17,3.53,CUST-UK-10834,France
INV-500248,SC00048,Product W-48,14,2026-05-14 12:21:17,1.39,CUST-UK-16000,France
INV-500249,SC00015,Product P-15,1,2026-02-23 17:10:17,3.4,CUST-UK-10162,France
INV-500250,SC00050,Product Y-50,7,2026-05-28 09:50:17,13.46,CUST-UK-14296,Germany
INV-500251,SC00005,Product F-5,5,2025-07-12 09:52:17,8.56,CUST-UK-10748,United Kingdom
INV-500252,SC00034,Product I-34,-6,2025-12-29 13:02:17,23.56,CUST-UK-13183,Germany
INV-500253,SC00050,Product Y-50,5,2025-08-20 14:50:17,15.63,CUST-UK-11172,France
INV-500254,SC00023,Product X-23,24,2026-03-03 14:15:17,24.38,CUST-UK-13229,Germany
INV-500255,SC00016,Product Q-16,14,2025-09-24 16:19:17,23.32,CUST-UK-13360,United Kingdom
INV-500256,SC00010,Product K-10,24,2025-10-31 10:08:17,16.39,CUST-UK-12394,France
INV-500257,SC00013,Product N-13,10,2026-06-29 13:46:17,17.76,CUST-UK-17382,Germany
INV-500258,SC00039,Product N-39,13,2026-05-25 10:13:17,11.68,CUST-UK-12641,Germany
INV-500259,SC00049,Product X-49,7,2025-09-06 15:57:17,17.87,CUST-UK-16835,United Kingdom
INV-500260,SC00012,Product M-12,1,2026-04-21 17:15:17,17.02,CUST-UK-14830,Spain
INV-500261,SC00030,Product E-30,7,2025-08-02 10:17:17,9.45,CUST-UK-15472,Spain
INV-500262,SC00044,Product S-44,15,2025-11-13 15:13:17,14.3,CUST-UK-15744,France
INV-500263,SC00041,Product P-41,19,2026-05-29 17:22:17,2.6,CUST-UK-13774,France
INV-500264,SC00010,Product K-10,1,2026-06-09 11:21:17,5.95,CUST-UK-11046,Spain
INV-500265,SC00005,Product F-5,16,2026-05-04 16:52:17,8.45,CUST-UK-12268,Spain
INV-500266,SC00029,Product D-29,23,2026-01-24 15:44:17,4.26,CUST-UK-10749,France
INV-500267,SC00018,Product S-18,12,2026-04-20 09:51:17,8.74,CUST-UK-17307,United Kingdom
INV-500268,SC00023,Product X-23,1,2026-03-19 10:13:17,22.89,CUST-UK-11171,United Kingdom
INV-500269,SC00020,Product U-20,22,2026-04-28 14:40:17,6.8,CUST-UK-10806,Spain
INV-500270,SC00029,Product D-29,8,2026-06-14 13:02:17,14.56,CUST-UK-17940,United Kingdom
INV-500271,SC00004,Product E-4,5,2025-09-16 11:10:17,23.3,CUST-UK-15206,France
INV-500272,SC00019,Product T-19,20,2026-06-17 13:06:17,17.9,CUST-UK-11743,United Kingdom
INV-500273,SC00042,Product Q-42,5,2026-03-29 14:34:17,2.94,CUST-UK-14908,United Kingdom
INV-500274,SC00040,Product O-40,2,2026-03-30 13:54:17,1.99,CUST-UK-17707,Spain
INV-500275,SC00030,Product E-30,5,2026-01-27 16:52:17,20.64,CUST-UK-14883,United Kingdom
INV-500276,SC00029,Product D-29,14,2025-09-01 11:36:17,12.09,CUST-UK-16597,Germany
INV-500277,SC00021,Product V-21,21,2026-03-07 09:55:17,20.82,CUST-UK-17833,Spain
INV-500278,SC00033,Product H-33,6,2026-03-02 14:10:17,2.57,CUST-UK-13173,Germany
INV-500279,SC00004,Product E-4,13,2026-04-19 14:17:17,18.9,CUST-UK-10886,Spain
INV-500280,SC00007,Product H-7,22,2025-10-13 11:01:17,17.61,CUST-UK-14226,France
INV-500281,SC00046,Product U-46,19,2025-10-21 16:24:17,8.49,CUST-UK-17585,United Kingdom
INV-500282,SC00033,Product H-33,10,2025-12-17 11:06:17,12.12,CUST-UK-10901,Germany
INV-500283,SC00003,Product D-3,10,2026-02-04 10:01:17,21.56,CUST-UK-11130,Germany
INV-500284,SC00046,Product U-46,10,2025-07-13 14:20:17,2.08,CUST-UK-12980,Spain
INV-500285,SC00029,Product D-29,4,2025-10-12 11:56:17,15.64,CUST-UK-17882,Germany
INV-500286,SC00024,Product Y-24,5,2026-06-08 09:00:17,9.8,CUST-UK-11887,France
INV-500287,SC00019,Product T-19,11,2026-06-13 15:28:17,24.4,CUST-UK-13579,Spain
INV-500288,SC00027,Product B-27,16,2025-09-14 13:01:17,6.59,CUST-UK-11653,France
INV-500289,SC00044,Product S-44,20,2026-05-30 12:48:17,15.56,CUST-UK-15187,United Kingdom
INV-500290,SC00041,Product P-41,15,2026-05-22 13:10:17,5.78,CUST-UK-14034,France
INV-500291,SC00005,Product F-5,20,2025-10-18 11:18:17,22.13,CUST-UK-13535,France
INV-500292,SC00007,Product H-7,11,2025-11-05 11:47:17,4.96,CUST-UK-11143,Spain
INV-500293,SC00019,Product T-19,8,2026-04-04 09:09:17,20.49,CUST-UK-10130,France
INV-500294,SC00047,Product V-47,21,2026-01-24 14:48:17,8.77,CUST-UK-10056,Germany
INV-500295,SC00022,Product W-22,19,2026-02-19 09:18:17,3.29,CUST-UK-12138,United Kingdom
INV-500296,SC00038,Product M-38,19,2025-10-10 14:00:17,8.25,CUST-UK-17439,Germany
INV-500297,SC00023,Product X-23,18,2025-09-24 13:09:17,21.93,CUST-UK-14374,France
INV-500298,SC00042,Product Q-42,21,2025-09-11 16:53:17,11.9,CUST-UK-17215,Spain
INV-500299,SC00009,Product J-9,8,2025-07-29 10:47:17,4.66,CUST-UK-13122,United Kingdom
INV-500300,SC00020,Product U-20,5,2026-06-18 16:56:17,19.14,CUST-UK-12324,Spain
INV-500301,SC00042,Product Q-42,14,2026-03-02 09:22:17,5.07,CUST-UK-12651,France
INV-500302,SC00009,Product J-9,8,2025-07-20 16:59:17,17.92,CUST-UK-14763,United Kingdom
INV-500303,SC00042,Product Q-42,12,2026-03-07 09:09:17,17.0,CUST-UK-15059,Spain
INV-500304,SC00033,Product H-33,7,2026-05-03 11:41:17,8.64,CUST-UK-16419,France
INV-500305,SC00002,Product C-2,2,2025-11-09 16:09:17,13.77,CUST-UK-11523,France
INV-500306,SC00020,Product U-20,17,2025-10-12 10:19:17,10.96,CUST-UK-11871,Germany
INV-500307,SC00014,Product O-14,17,2026-06-05 12:48:17,19.15,CUST-UK-10343,France
INV-500308,SC00050,Product Y-50,2,2026-02-04 16:16:17,9.73,CUST-UK-10128,Spain
INV-500309,SC00013,Product N-13,12,2025-10-30 13:53:17,20.76,CUST-UK-17968,Germany
INV-500310,SC00009,Product J-9,18,2025-12-06 13:44:17,21.53,CUST-UK-12369,Germany
INV-500311,SC00005,Product F-5,4,2025-09-16 11:43:17,3.53,CUST-UK-14788,France
INV-500312,SC00007,Product H-7,8,2025-12-03 10:11:17,1.89,CUST-UK-16261,United Kingdom
INV-500313,SC00043,Product R-43,19,2026-06-10 13:01:17,3.99,CUST-UK-17857,France
INV-500314,SC00050,Product Y-50,15,2025-07-31 14:47:17,2.86,CUST-UK-10532,Germany
INV-500315,SC00039,Product N-39,20,2025-09-18 12:47:17,16.96,CUST-UK-14833,Spain
INV-500316,SC00010,Product K-10,24,2025-09-13 15:15:17,1.48,CUST-UK-11023,Germany
INV-500317,SC00012,Product M-12,17,2026-05-23 15:04:17,23.46,CUST-UK-10034,Germany
INV-500318,SC00047,Product V-47,12,2026-04-14 11:31:17,1.91,CUST-UK-17927,Spain
INV-500319,SC00003,Product D-3,4,2025-08-10 17:25:17,7.56,CUST-UK-16912,Spain
INV-500320,SC00024,Product Y-24,1,2025-10-25 10:18:17,17.65,CUST-UK-11729,Germany
INV-500321,SC00029,Product D-29,7,2026-03-04 15:05:17,4.28,CUST-UK-14440,France
INV-500322,SC00049,Product X-49,19,2026-02-04 17:14:17,22.96,CUST-UK-15932,Spain
INV-500323,SC00015,Product P-15,-21,2026-03-05 13:37:17,2.03,CUST-UK-13333,Germany
INV-500324,SC00020,Product U-20,3,2025-09-26 09:40:17,17.68,CUST-UK-17764,Spain
INV-500325,SC00013,Product N-13,17,2026-04-25 17:17:17,9.19,CUST-UK-11171,France
INV-500326,SC00044,Product S-44,7,2026-02-19 09:31:17,7.22,CUST-UK-14313,Spain
INV-500327,SC00030,Product E-30,7,2026-05-03 09:27:17,20.29,CUST-UK-15564,France
INV-500328,SC00050,Product Y-50,5,2026-07-04 15:10:17,12.35,CUST-UK-11344,Spain
INV-500329,SC00033,Product H-33,4,2025-12-18 10:49:17,4.52,CUST-UK-14146,Spain
INV-500330,SC00011,Product L-11,23,2025-07-17 10:09:17,9.2,CUST-UK-15738,Germany
INV-500331,SC00039,Product N-39,23,2025-11-06 14:35:17,7.85,CUST-UK-14503,Germany
INV-500332,SC00017,Product R-17,14,2025-08-29 10:35:17,20.15,CUST-UK-14899,United Kingdom
INV-500333,SC00042,Product Q-42,3,2026-05-28 11:10:17,7.14,CUST-UK-17770,Spain
INV-500334,SC00024,Product Y-24,1,2026-06-22 13:22:17,2.99,CUST-UK-16478,United Kingdom
INV-500335,SC00046,Product U-46,5,2025-11-01 11:16:17,17.55,CUST-UK-10343,United Kingdom
INV-500336,SC00019,Product T-19,12,2025-10-28 08:43:17,6.09,CUST-UK-13994,United Kingdom
INV-500337,SC00049,Product X-49,9,2025-09-18 17:28:17,24.01,CUST-UK-17612,Germany
INV-500338,SC00018,Product S-18,16,2025-11-02 13:53:17,17.75,CUST-UK-14440,Spain
INV-500339,SC00033,Product H-33,10,2026-05-06 10:11:17,3.08,CUST-UK-14266,Germany
INV-500340,SC00028,Product C-28,1,2026-02-28 14:10:17,2.81,CUST-UK-11280,United Kingdom
INV-500341,SC00015,Product P-15,1,2025-09-19 16:20:17,2.71,CUST-UK-15027,Spain
INV-500342,SC00023,Product X-23,9,2025-08-29 12:10:17,14.69,CUST-UK-14364,United Kingdom
INV-500343,SC00027,Product B-27,1,2026-01-06 11:11:17,12.68,CUST-UK-17730,United Kingdom
INV-500344,SC00026,Product A-26,1,2026-05-21 12:50:17,8.32,CUST-UK-13568,France
INV-500345,SC00016,Product Q-16,3,2025-10-13 16:41:17,2.02,CUST-UK-15749,Spain
INV-500346,SC00006,Product G-6,15,2025-09-24 09:10:17,23.37,CUST-UK-16447,France
INV-500347,SC00015,Product P-15,19,2026-06-18 13:15:17,2.07,CUST-UK-14933,United Kingdom
INV-500348,SC00021,Product V-21,3,2025-09-20 15:34:17,8.12,CUST-UK-12614,United Kingdom
INV-500349,SC00046,Product U-46,20,2025-07-16 17:08:17,15.31,CUST-UK-15661,France
INV-500350,SC00010,Product K-10,10,2025-09-22 16:37:17,12.91,CUST-UK-14633,Germany
INV-500351,SC00003,Product D-3,-12,2025-10-01 09:38:17,6.45,CUST-UK-12199,France
INV-500352,SC00031,Product F-31,9,2025-12-23 11:54:17,22.14,CUST-UK-16454,Germany
INV-500353,SC00049,Product X-49,5,2025-10-26 17:13:17,4.36,CUST-UK-12721,Spain
INV-500354,SC00029,Product D-29,13,2025-09-19 09:24:17,19.99,CUST-UK-11097,United Kingdom
INV-500355,SC00006,Product G-6,8,2026-02-11 16:28:17,3.34,CUST-UK-13141,United Kingdom
INV-500356,SC00017,Product R-17,8,2026-06-02 08:44:17,9.23,CUST-UK-14519,Germany
INV-500357,SC00010,Product K-10,14,2026-02-01 17:11:17,8.29,CUST-UK-15423,Spain
INV-500358,SC00008,Product I-8,15,2025-09-14 11:59:17,8.21,CUST-UK-15514,France
INV-500359,SC00016,Product Q-16,8,2025-11-09 14:23:17,11.31,CUST-UK-15179,France
INV-500360,SC00008,Product I-8,1,2025-07-12 17:14:17,4.5,CUST-UK-12910,United Kingdom
INV-500361,SC00016,Product Q-16,15,2026-01-12 15:08:17,11.65,CUST-UK-10081,Spain
INV-500362,SC00041,Product P-41,7,2025-10-28 16:44:17,23.1,CUST-UK-15321,Spain
INV-500363,SC00005,Product F-5,14,2026-01-30 12:54:17,23.64,CUST-UK-15481,United Kingdom
INV-500364,SC00032,Product G-32,7,2026-01-18 11:51:17,17.62,CUST-UK-11924,United Kingdom
INV-500365,SC00041,Product P-41,6,2026-07-01 13:44:17,2.33,CUST-UK-15923,Germany
INV-500366,SC00046,Product U-46,17,2026-04-03 08:47:17,2.19,CUST-UK-14220,Germany
INV-500367,SC00019,Product T-19,12,2026-05-11 12:13:17,20.41,CUST-UK-17257,Spain
INV-500368,SC00001,Product B-1,7,2025-12-09 13:04:17,2.97,CUST-UK-16311,France
INV-500369,SC00016,Product Q-16,13,2026-03-08 16:50:17,7.84,CUST-UK-14089,Spain
INV-500370,SC00012,Product M-12,15,2026-02-21 11:08:17,1.9,CUST-UK-10517,United Kingdom
INV-500371,SC00034,Product I-34,12,2026-05-17 11:33:17,10.36,CUST-UK-12738,France
INV-500372,SC00005,Product F-5,13,2025-11-14 10:03:17,22.02,CUST-UK-15535,United Kingdom
INV-500373,SC00025,Product Z-25,18,2026-06-13 12:31:17,24.62,CUST-UK-14500,Spain
INV-500374,SC00003,Product D-3,2,2025-12-22 11:27:17,8.56,CUST-UK-13546,Spain
INV-500375,SC00024,Product Y-24,15,2025-11-06 11:43:17,5.1,CUST-UK-14769,France
INV-500376,SC00048,Product W-48,9,2025-07-29 09:35:17,8.75,CUST-UK-10165,United Kingdom
INV-500377,SC00023,Product X-23,7,2026-03-16 15:27:17,17.45,CUST-UK-12624,United Kingdom
INV-500378,SC00023,Product X-23,1,2026-05-03 14:20:17,24.78,CUST-UK-15074,Germany
INV-500379,SC00047,Product V-47,-5,2026-04-22 11:38:17,19.9,CUST-UK-17218,United Kingdom
INV-500380,SC00050,Product Y-50,-19,2025-10-13 13:10:17,7.56,CUST-UK-15847,France
INV-500381,SC00009,Product J-9,2,2026-04-11 09:29:17,8.1,CUST-UK-14957,United Kingdom
INV-500382,SC00023,Product X-23,11,2026-04-26 17:31:17,14.03,CUST-UK-13745,France
INV-500383,SC00042,Product Q-42,17,2025-12-08 12:15:17,22.77,CUST-UK-13458,Germany
INV-500384,SC00050,Product Y-50,14,2025-09-12 17:00:17,17.78,CUST-UK-10649,Spain
INV-500385,SC00045,Product T-45,14,2026-05-13 17:16:17,17.07,CUST-UK-15599,Spain
INV-500386,SC00041,Product P-41,6,2025-10-31 15:29:17,14.91,CUST-UK-17941,Germany
INV-500387,SC00009,Product J-9,13,2025-07-12 17:33:17,20.5,CUST-UK-14880,United Kingdom
INV-500388,SC00046,Product U-46,19,2025-10-04 15:27:17,21.43,CUST-UK-17203,Spain
INV-500389,SC00003,Product D-3,10,2025-12-09 17:16:17,18.1,CUST-UK-10005,France
INV-500390,SC00013,Product N-13,12,2025-07-22 14:26:17,17.19,CUST-UK-13712,United Kingdom
INV-500391,SC00013,Product N-13,15,2025-10-21 13:39:17,24.3,CUST-UK-15658,United Kingdom
INV-500392,SC00021,Product V-21,19,2025-12-21 17:35:17,4.72,CUST-UK-10562,France
INV-500393,SC00033,Product H-33,13,2026-01-25 16:28:17,3.19,CUST-UK-14166,Spain
INV-500394,SC00035,Product J-35,13,2026-02-13 12:30:17,3.16,CUST-UK-17458,Spain
INV-500395,SC00017,Product R-17,24,2025-09-05 12:32:17,0.9,CUST-UK-13875,United Kingdom
INV-500396,SC00049,Product X-49,4,2025-07-21 12:43:17,19.99,CUST-UK-14861,Germany
INV-500397,SC00019,Product T-19,20,2025-10-03 15:17:17,22.28,CUST-UK-11235,France
INV-500398,SC00050,Product Y-50,22,2026-04-04 13:14:17,8.59,CUST-UK-15226,United Kingdom
INV-500399,SC00042,Product Q-42,24,2025-12-30 12:11:17,21.37,CUST-UK-17981,France
INV-500400,SC00018,Product S-18,14,2025-12-26 16:21:17,13.22,CUST-UK-12242,United Kingdom
INV-500401,SC00024,Product Y-24,23,2025-10-26 09:30:17,15.76,CUST-UK-13986,Spain
INV-500402,SC00026,Product A-26,18,2025-12-14 13:13:17,22.66,CUST-UK-17106,Spain
INV-500403,SC00025,Product Z-25,8,2025-09-17 11:40:17,12.33,CUST-UK-16497,France
INV-500404,SC00012,Product M-12,8,2026-02-02 15:56:17,3.94,CUST-UK-11864,Spain
INV-500405,SC00045,Product T-45,7,2025-10-31 17:09:17,20.59,CUST-UK-12578,Spain
INV-500406,SC00024,Product Y-24,18,2025-12-12 11:25:17,19.26,CUST-UK-15005,France
INV-500407,SC00006,Product G-6,15,2026-04-26 14:06:17,20.12,CUST-UK-15779,Spain
INV-500408,SC00006,Product G-6,12,2026-07-08 11:49:17,7.67,CUST-UK-13563,Spain
INV-500409,SC00039,Product N-39,6,2026-04-30 09:02:17,1.59,CUST-UK-16447,Germany
INV-500410,SC00035,Product J-35,21,2026-01-01 17:16:17,23.81,CUST-UK-11909,France
INV-500411,SC00021,Product V-21,7,2025-12-18 14:59:17,5.89,CUST-UK-11040,United Kingdom
INV-500412,SC00006,Product G-6,1,2025-12-19 17:28:17,6.54,CUST-UK-14899,France
INV-500413,SC00043,Product R-43,9,2025-09-22 10:56:17,15.57,CUST-UK-15248,France
INV-500414,SC00020,Product U-20,15,2025-07-17 17:37:17,9.45,CUST-UK-12821,Spain
INV-500415,SC00039,Product N-39,7,2025-09-08 16:01:17,7.3,CUST-UK-17714,Spain
INV-500416,SC00011,Product L-11,21,2026-04-03 12:51:17,14.24,CUST-UK-16205,Spain
INV-500417,SC00023,Product X-23,22,2026-05-30 10:22:17,3.11,CUST-UK-15141,Spain
INV-500418,SC00003,Product D-3,15,2026-04-12 17:13:17,14.93,CUST-UK-12437,France
INV-500419,SC00040,Product O-40,2,2025-08-03 14:31:17,13.59,CUST-UK-11733,Spain
INV-500420,SC00018,Product S-18,1,2026-03-03 11:25:17,4.82,CUST-UK-13510,United Kingdom
INV-500421,SC00005,Product F-5,7,2025-07-30 15:27:17,6.55,CUST-UK-12800,Spain
INV-500422,SC00024,Product Y-24,8,2025-12-15 16:28:17,8.08,CUST-UK-14322,Germany
INV-500423,SC00002,Product C-2,21,2025-09-23 15:01:17,10.72,CUST-UK-10663,Germany
INV-500424,SC00039,Product N-39,2,2026-03-14 16:14:17,22.75,CUST-UK-13815,Spain
INV-500425,SC00003,Product D-3,10,2026-05-31 11:23:17,5.67,CUST-UK-11923,Germany
INV-500426,SC00005,Product F-5,10,2025-11-10 10:40:17,9.32,CUST-UK-16761,Germany
INV-500427,SC00050,Product Y-50,1,2026-02-19 15:00:17,22.02,CUST-UK-12766,France
INV-500428,SC00024,Product Y-24,14,2025-11-24 11:37:17,1.81,CUST-UK-10493,Spain
INV-500429,SC00037,Product L-37,24,2026-04-06 08:53:17,5.02,CUST-UK-13405,United Kingdom
INV-500430,SC00039,Product N-39,9,2026-04-15 09:18:17,15.57,CUST-UK-12802,Germany
INV-500431,SC00044,Product S-44,6,2025-11-27 14:45:17,13.79,CUST-UK-14802,Spain
INV-500432,SC00024,Product Y-24,11,2025-10-06 15:41:17,1.66,CUST-UK-13867,France
INV-500433,SC00029,Product D-29,18,2025-07-21 09:08:17,14.56,CUST-UK-17066,United Kingdom
INV-500434,SC00037,Product L-37,2,2026-07-06 15:14:17,8.62,CUST-UK-11927,Germany
INV-500435,SC00034,Product I-34,22,2026-03-12 16:08:17,19.08,CUST-UK-15873,France
INV-500436,SC00026,Product A-26,19,2026-06-25 17:17:17,20.89,CUST-UK-13050,France
INV-500437,SC00042,Product Q-42,20,2026-04-03 12:30:17,16.14,CUST-UK-17477,France
INV-500438,SC00016,Product Q-16,21,2026-02-03 13:22:17,20.58,CUST-UK-16227,United Kingdom
INV-500439,SC00002,Product C-2,15,2026-04-28 16:39:17,19.04,CUST-UK-11991,Germany
INV-500440,SC00032,Product G-32,22,2026-01-26 16:55:17,14.69,CUST-UK-17230,Spain
INV-500441,SC00036,Product K-36,6,2025-09-10 15:40:17,20.0,CUST-UK-12040,United Kingdom
INV-500442,SC00017,Product R-17,6,2026-04-27 12:21:17,21.48,CUST-UK-16437,France
INV-500443,SC00046,Product U-46,3,2026-01-13 08:48:17,21.97,CUST-UK-15736,Spain
INV-500444,SC00014,Product O-14,5,2026-04-15 11:17:17,13.03,CUST-UK-16059,France
INV-500445,SC00045,Product T-45,16,2025-12-23 10:27:17,6.91,CUST-UK-13716,Spain
INV-500446,SC00013,Product N-13,23,2025-10-22 10:43:17,24.71,CUST-UK-13813,United Kingdom
INV-500447,SC00009,Product J-9,8,2025-11-07 11:48:17,19.86,CUST-UK-11989,United Kingdom
INV-500448,SC00029,Product D-29,9,2026-05-11 12:56:17,15.95,CUST-UK-15245,Germany
INV-500449,SC00046,Product U-46,10,2026-06-19 12:39:17,19.91,CUST-UK-15445,Spain
INV-500450,SC00006,Product G-6,17,2025-11-18 13:12:17,19.07,CUST-UK-10836,France
INV-500451,SC00043,Product R-43,12,2026-06-27 13:48:17,6.04,CUST-UK-16688,France
INV-500452,SC00046,Product U-46,23,2025-11-18 13:23:17,3.63,CUST-UK-17411,United Kingdom
INV-500453,SC00036,Product K-36,1,2025-11-16 14:24:17,1.07,CUST-UK-11772,France
INV-500454,SC00020,Product U-20,14,2026-05-08 09:48:17,16.4,CUST-UK-13932,Germany
INV-500455,SC00046,Product U-46,-1,2026-04-21 14:07:17,5.56,CUST-UK-12187,Germany
INV-500456,SC00024,Product Y-24,-5,2025-08-08 11:12:17,4.36,CUST-UK-13623,Germany
INV-500457,SC00008,Product I-8,15,2026-03-11 16:20:17,14.41,CUST-UK-17485,Germany
INV-500458,SC00009,Product J-9,14,2026-05-13 10:34:17,11.06,CUST-UK-12480,Germany
INV-500459,SC00032,Product G-32,2,2025-12-01 17:08:17,21.1,CUST-UK-12238,United Kingdom
INV-500460,SC00024,Product Y-24,16,2026-02-27 15:07:17,1.26,CUST-UK-14386,France
INV-500461,SC00030,Product E-30,7,2026-04-01 12:15:17,23.42,CUST-UK-12165,Germany
INV-500462,SC00040,Product O-40,12,2026-02-28 14:19:17,10.64,CUST-UK-14527,United Kingdom
INV-500463,SC00005,Product F-5,2,2025-12-30 11:00:17,1.48,CUST-UK-13518,France
INV-500464,SC00026,Product A-26,7,2026-04-14 16:08:17,16.25,CUST-UK-14113,Spain
INV-500465,SC00034,Product I-34,2,2026-03-06 09:18:17,18.44,CUST-UK-17672,Spain
INV-500466,SC00050,Product Y-50,6,2026-03-01 15:13:17,10.89,CUST-UK-14050,Spain
INV-500467,SC00037,Product L-37,21,2025-10-21 17:04:17,5.89,CUST-UK-13127,United Kingdom
INV-500468,SC00009,Product J-9,11,2025-11-27 15:51:17,2.5,CUST-UK-10127,France
INV-500469,SC00042,Product Q-42,22,2025-12-30 15:44:17,23.76,CUST-UK-15407,United Kingdom
INV-500470,SC00029,Product D-29,14,2026-01-29 10:59:17,15.69,CUST-UK-15353,Spain
INV-500471,SC00044,Product S-44,21,2025-12-29 10:04:17,3.44,CUST-UK-11629,France
INV-500472,SC00009,Product J-9,-10,2026-02-08 17:20:17,23.85,CUST-UK-11148,Germany
INV-500473,SC00050,Product Y-50,9,2025-07-19 16:07:17,17.97,CUST-UK-15739,Germany
INV-500474,SC00028,Product C-28,24,2026-05-27 12:59:17,24.68,CUST-UK-10691,United Kingdom
INV-500475,SC00008,Product I-8,11,2026-05-17 16:37:17,16.75,CUST-UK-12038,Germany
INV-500476,SC00020,Product U-20,13,2026-01-03 13:25:17,15.69,CUST-UK-15940,Germany
INV-500477,SC00011,Product L-11,21,2025-11-02 09:06:17,4.01,CUST-UK-11067,France
INV-500478,SC00046,Product U-46,17,2026-04-05 16:27:17,9.67,CUST-UK-14046,Germany
INV-500479,SC00023,Product X-23,12,2026-03-12 09:30:17,20.59,CUST-UK-17049,France
INV-500480,SC00006,Product G-6,12,2025-09-07 12:44:17,9.97,CUST-UK-14412,France
INV-500481,SC00013,Product N-13,10,2025-12-03 10:00:17,16.68,CUST-UK-14149,France
INV-500482,SC00009,Product J-9,6,2026-04-19 12:11:17,8.98,CUST-UK-12175,France
INV-500483,SC00040,Product O-40,8,2026-06-12 08:55:17,20.8,CUST-UK-14480,United Kingdom
INV-500484,SC00033,Product H-33,22,2025-08-17 09:48:17,14.86,CUST-UK-11883,Germany
INV-500485,SC00038,Product M-38,15,2026-01-13 14:45:17,8.9,CUST-UK-13976,Germany
INV-500486,SC00011,Product L-11,12,2025-10-25 14:06:17,2.29,CUST-UK-17418,France
INV-500487,SC00037,Product L-37,8,2025-09-17 15:54:17,22.1,CUST-UK-14866,United Kingdom
INV-500488,SC00002,Product C-2,3,2025-11-06 10:26:17,7.74,CUST-UK-10913,United Kingdom
INV-500489,SC00003,Product D-3,16,2025-12-13 12:39:17,2.19,CUST-UK-17554,France
INV-500490,SC00042,Product Q-42,24,2025-07-28 13:54:17,3.1,CUST-UK-10467,Germany
INV-500491,SC00050,Product Y-50,13,2025-12-03 12:01:17,7.21,CUST-UK-11037,Spain
INV-500492,SC00040,Product O-40,3,2026-06-16 12:02:17,4.38,CUST-UK-11509,United Kingdom
INV-500493,SC00032,Product G-32,16,2025-12-16 08:51:17,13.29,CUST-UK-17630,France
INV-500494,SC00042,Product Q-42,2,2026-03-29 10:17:17,1.84,CUST-UK-15221,France
INV-500495,SC00031,Product F-31,24,2025-08-31 15:12:17,11.3,CUST-UK-15214,Germany
INV-500496,SC00044,Product S-44,6,2025-07-31 13:55:17,2.26,CUST-UK-13474,Spain
INV-500497,SC00020,Product U-20,2,2025-09-30 10:10:17,24.5,CUST-UK-17923,Spain
INV-500498,SC00005,Product F-5,2,2026-01-25 12:25:17,6.32,CUST-UK-11938,United Kingdom
INV-500499,SC00011,Product L-11,21,2025-07-17 14:48:17,4.92,CUST-UK-13625,Spain
INV-500500,SC00027,Product B-27,9,2026-03-04 14:58:17,6.4,CUST-UK-12410,Spain
INV-500501,SC00030,Product E-30,2,2026-01-23 13:53:17,4.46,CUST-UK-13962,Germany
INV-500502,SC00022,Product W-22,7,2025-10-08 13:59:17,23.28,CUST-UK-14401,Germany
INV-500503,SC00021,Product V-21,7,2025-07-27 12:16:17,11.59,CUST-UK-14386,France
INV-500504,SC00047,Product V-47,18,2026-06-27 09:02:17,5.24,CUST-UK-13328,France
INV-500505,SC00026,Product A-26,18,2025-11-03 12:36:17,16.47,CUST-UK-16371,Germany
INV-500506,SC00049,Product X-49,12,2026-03-22 14:18:17,13.02,CUST-UK-11440,France
INV-500507,SC00033,Product H-33,6,2025-11-18 15:20:17,10.12,CUST-UK-14369,United Kingdom
INV-500508,SC00021,Product V-21,21,2026-03-07 11:31:17,20.63,CUST-UK-17162,Germany
INV-500509,SC00030,Product E-30,17,2025-12-20 13:27:17,12.27,CUST-UK-11082,United Kingdom
INV-500510,SC00018,Product S-18,6,2026-01-18 11:21:17,9.48,CUST-UK-10663,Spain
INV-500511,SC00016,Product Q-16,5,2026-03-30 12:39:17,11.49,CUST-UK-15352,Germany
INV-500512,SC00007,Product H-7,21,2026-03-07 16:01:17,23.86,CUST-UK-10948,United Kingdom
INV-500513,SC00019,Product T-19,12,2025-12-02 12:30:17,4.46,CUST-UK-17734,Spain
INV-500514,SC00040,Product O-40,3,2025-12-22 13:55:17,7.39,CUST-UK-15897,Spain
INV-500515,SC00016,Product Q-16,22,2026-03-22 16:36:17,16.35,CUST-UK-11448,Germany
INV-500516,SC00021,Product V-21,-5,2026-02-16 12:41:17,10.46,CUST-UK-13498,France
INV-500517,SC00013,Product N-13,2,2026-03-05 12:16:17,9.55,CUST-UK-11249,Germany
INV-500518,SC00032,Product G-32,18,2025-11-10 11:00:17,13.73,CUST-UK-17044,Spain
INV-500519,SC00032,Product G-32,1,2026-06-13 11:14:17,4.86,CUST-UK-14936,France
INV-500520,SC00032,Product G-32,19,2026-01-01 09:26:17,5.07,CUST-UK-11210,United Kingdom
INV-500521,SC00006,Product G-6,6,2025-09-29 10:02:17,17.33,CUST-UK-14728,Spain
INV-500522,SC00033,Product H-33,8,2026-01-14 17:08:17,14.21,CUST-UK-13766,Spain
INV-500523,SC00016,Product Q-16,17,2025-10-31 11:36:17,18.33,CUST-UK-10763,Germany
INV-500524,SC00038,Product M-38,13,2026-02-11 17:11:17,20.78,CUST-UK-17125,France
INV-500525,SC00004,Product E-4,9,2026-04-18 14:12:17,14.94,CUST-UK-16142,United Kingdom
INV-500526,SC00019,Product T-19,8,2025-11-17 16:39:17,23.8,CUST-UK-14388,Spain
INV-500527,SC00039,Product N-39,10,2026-04-28 14:35:17,4.24,CUST-UK-13081,Spain
INV-500528,SC00019,Product T-19,12,2025-07-26 13:30:17,22.76,CUST-UK-15103,United Kingdom
INV-500529,SC00007,Product H-7,2,2026-04-04 16:19:17,12.98,CUST-UK-13419,Spain
INV-500530,SC00009,Product J-9,13,2025-11-14 08:50:17,17.88,CUST-UK-11376,France
INV-500531,SC00047,Product V-47,1,2026-04-27 14:06:17,9.88,CUST-UK-14231,France
INV-500532,SC00049,Product X-49,7,2026-01-14 13:08:17,17.41,CUST-UK-16287,Spain
INV-500533,SC00024,Product Y-24,24,2025-12-17 09:07:17,11.23,CUST-UK-11999,United Kingdom
INV-500534,SC00026,Product A-26,-14,2025-12-30 13:25:17,22.74,CUST-UK-10295,United Kingdom
INV-500535,SC00037,Product L-37,6,2025-08-06 15:09:17,7.37,CUST-UK-11658,Germany
INV-500536,SC00024,Product Y-24,10,2026-01-19 16:01:17,6.6,CUST-UK-15704,France
INV-500537,SC00005,Product F-5,10,2025-07-19 17:06:17,24.07,CUST-UK-14291,Spain
INV-500538,SC00033,Product H-33,24,2025-09-22 15:00:17,19.83,CUST-UK-11028,Spain
INV-500539,SC00049,Product X-49,14,2026-01-30 12:19:17,22.52,CUST-UK-17886,France
INV-500540,SC00040,Product O-40,4,2025-09-16 15:28:17,12.37,CUST-UK-13916,United Kingdom
INV-500541,SC00009,Product J-9,16,2026-06-11 17:30:17,2.21,CUST-UK-10833,United Kingdom
INV-500542,SC00026,Product A-26,2,2026-06-21 12:56:17,14.03,CUST-UK-14857,France
INV-500543,SC00022,Product W-22,24,2026-05-12 16:59:17,22.17,CUST-UK-14153,France
INV-500544,SC00049,Product X-49,3,2026-03-13 10:35:17,20.25,CUST-UK-16779,Germany
INV-500545,SC00013,Product N-13,1,2025-08-19 09:19:17,5.16,CUST-UK-15969,Spain
INV-500546,SC00033,Product H-33,11,2026-03-16 09:14:17,17.63,CUST-UK-11909,United Kingdom
INV-500547,SC00003,Product D-3,7,2025-11-18 09:09:17,5.05,CUST-UK-10907,United Kingdom
INV-500548,SC00009,Product J-9,2,2025-08-11 15:02:17,17.27,CUST-UK-13747,France
INV-500549,SC00031,Product F-31,18,2025-09-16 10:43:17,5.85,CUST-UK-12675,Spain
INV-500550,SC00010,Product K-10,15,2026-02-03 16:25:17,14.14,CUST-UK-13278,Germany
INV-500551,SC00021,Product V-21,17,2025-10-13 15:40:17,19.44,CUST-UK-10262,France
INV-500552,SC00011,Product L-11,5,2026-03-26 09:15:17,21.77,CUST-UK-13691,Spain
INV-500553,SC00040,Product O-40,16,2026-01-23 14:21:17,12.17,CUST-UK-16264,France
INV-500554,SC00038,Product M-38,18,2025-12-26 13:14:17,21.43,CUST-UK-12491,France
INV-500555,SC00033,Product H-33,15,2025-07-19 16:54:17,4.17,CUST-UK-16401,Spain
INV-500556,SC00046,Product U-46,13,2025-09-05 10:10:17,2.23,CUST-UK-16741,France
INV-500557,SC00031,Product F-31,13,2025-07-23 14:10:17,24.0,CUST-UK-17649,United Kingdom
INV-500558,SC00024,Product Y-24,7,2026-04-03 16:08:17,17.3,CUST-UK-15652,France
INV-500559,SC00044,Product S-44,12,2026-01-14 11:07:17,19.04,CUST-UK-16524,United Kingdom
INV-500560,SC00027,Product B-27,12,2026-01-12 17:10:17,21.63,CUST-UK-10741,France
INV-500561,SC00047,Product V-47,13,2025-09-27 15:45:17,7.58,CUST-UK-13237,United Kingdom
INV-500562,SC00039,Product N-39,1,2026-02-10 15:40:17,15.58,CUST-UK-16252,Spain
INV-500563,SC00017,Product R-17,23,2025-08-28 09:35:17,5.8,CUST-UK-11250,Germany
INV-500564,SC00047,Product V-47,15,2026-02-07 17:36:17,2.1,CUST-UK-11562,United Kingdom
INV-500565,SC00038,Product M-38,13,2025-08-08 15:17:17,11.4,CUST-UK-16476,Spain
INV-500566,SC00011,Product L-11,13,2025-09-13 14:41:17,12.06,CUST-UK-12002,Spain
INV-500567,SC00010,Product K-10,-8,2026-03-28 10:41:17,3.58,CUST-UK-12802,Germany
INV-500568,SC00003,Product D-3,9,2025-12-01 12:53:17,15.87,CUST-UK-10205,United Kingdom
INV-500569,SC00013,Product N-13,6,2026-01-17 16:30:17,0.57,CUST-UK-12068,United Kingdom
INV-500570,SC00029,Product D-29,23,2025-12-20 14:09:17,21.41,CUST-UK-16041,France
INV-500571,SC00027,Product B-27,22,2025-12-03 14:31:17,1.94,CUST-UK-14406,Germany
INV-500572,SC00027,Product B-27,14,2026-05-05 10:35:17,18.67,CUST-UK-13017,Germany
INV-500573,SC00027,Product B-27,23,2026-05-13 11:37:17,2.16,CUST-UK-10814,Spain
INV-500574,SC00048,Product W-48,21,2026-05-26 12:44:17,0.95,CUST-UK-17638,United Kingdom
INV-500575,SC00046,Product U-46,14,2025-07-21 16:13:17,3.55,CUST-UK-16492,Germany
INV-500576,SC00034,Product I-34,6,2026-03-17 13:47:17,23.77,CUST-UK-17937,Germany
INV-500577,SC00036,Product K-36,18,2026-04-16 13:34:17,4.98,CUST-UK-14156,France
INV-500578,SC00043,Product R-43,16,2026-07-10 09:24:17,22.37,CUST-UK-11916,Spain
INV-500579,SC00034,Product I-34,13,2026-03-20 16:39:17,18.67,CUST-UK-12511,Spain
INV-500580,SC00021,Product V-21,14,2026-03-27 11:27:17,24.48,CUST-UK-17956,Germany
INV-500581,SC00030,Product E-30,10,2026-04-09 13:49:17,4.09,CUST-UK-13802,France
INV-500582,SC00035,Product J-35,7,2026-03-29 11:45:17,13.05,CUST-UK-10669,France
INV-500583,SC00044,Product S-44,6,2025-09-10 17:17:17,5.28,CUST-UK-11357,France
INV-500584,SC00040,Product O-40,1,2026-04-02 16:56:17,8.34,CUST-UK-12393,Spain
INV-500585,SC00013,Product N-13,3,2025-10-01 10:10:17,7.93,CUST-UK-16736,Germany
INV-500586,SC00018,Product S-18,18,2026-01-15 10:31:17,5.42,CUST-UK-10976,France
INV-500587,SC00015,Product P-15,6,2026-04-14 11:13:17,11.26,CUST-UK-15227,France
INV-500588,SC00050,Product Y-50,19,2026-02-19 10:09:17,19.57,CUST-UK-15443,France
INV-500589,SC00046,Product U-46,13,2026-04-28 16:27:17,11.97,CUST-UK-10155,Germany
INV-500590,SC00045,Product T-45,23,2026-06-06 14:15:17,21.94,CUST-UK-16050,Spain
INV-500591,SC00021,Product V-21,16,2025-09-09 13:04:17,4.19,CUST-UK-10418,Spain
INV-500592,SC00023,Product X-23,19,2026-02-25 11:38:17,0.84,CUST-UK-12319,France
INV-500593,SC00019,Product T-19,7,2025-07-12 15:13:17,15.53,CUST-UK-12439,United Kingdom
INV-500594,SC00037,Product L-37,15,2025-10-07 11:03:17,5.08,CUST-UK-14551,Spain
INV-500595,SC00026,Product A-26,7,2025-08-31 09:56:17,22.6,CUST-UK-10238,France
INV-500596,SC00050,Product Y-50,9,2026-04-29 15:48:17,14.4,CUST-UK-16436,Germany
INV-500597,SC00019,Product T-19,8,2026-05-09 11:56:17,1.5,CUST-UK-12371,United Kingdom
INV-500598,SC00019,Product T-19,22,2025-10-20 10:52:17,3.19,CUST-UK-17236,United Kingdom
INV-500599,SC00023,Product X-23,12,2025-12-25 15:05:17,1.0,CUST-UK-13914,Spain
