Transaction_ID,Customer_ID,Transaction_Date,Transaction_Time,Product_ID,SKU,Product_Name,Quantity,Unit_Price,Discount,Line_Total,Payment_Method,Store_ID
TXN-00001,C0056,2026-07-01,11:53,5,CF-005,Scone Cranberry,2,2.5,0.25,4.5,Cash,STORE-01
TXN-00001,C0056,2026-07-01,11:53,12,CK-002,Cheesecake Slice,5,7.5,0.0,37.5,Gift Card,STORE-01
TXN-00002,C0002,2026-04-26,12:56,8,BR-003,Whole Wheat Loaf,1,6.5,0.0,6.5,Gift Card,STORE-01
TXN-00002,C0002,2026-04-26,12:56,2,CF-002,Muffin Blueberry,1,2.75,0.28,2.47,Card,STORE-01
TXN-00002,C0002,2026-04-26,12:56,19,DR-004,Cold Brew,2,4.25,0.21,8.08,Card,STORE-01
TXN-00003,C0017,2026-06-18,16:27,18,DR-003,Matcha Latte,2,5.5,0.0,11.0,Gift Card,STORE-01
TXN-00003,C0017,2026-06-18,16:27,25,SV-005,Breakfast Burrito,3,6.25,0.31,17.82,Gift Card,STORE-01
TXN-00004,C0008,2026-05-13,10:04,1,CF-001,Croissant,2,3.5,0.35,6.3,Card,STORE-01
TXN-00004,C0008,2026-05-13,10:04,19,DR-004,Cold Brew,1,4.25,0.0,4.25,Cash,STORE-01
TXN-00004,C0008,2026-05-13,10:04,18,DR-003,Matcha Latte,2,5.5,0.0,11.0,Cash,STORE-01
TXN-00005,C0056,2026-05-24,08:32,9,BR-004,Rye Bread,4,7.0,0.0,28.0,Card,STORE-01
TXN-00005,C0056,2026-05-24,08:32,22,SV-002,Spinach Wrap,5,6.5,0.65,29.25,Gift Card,STORE-01
TXN-00006,C0016,2026-06-11,19:26,4,CF-004,Danish Almond,4,3.75,0.0,15.0,Gift Card,STORE-01
TXN-00006,C0016,2026-06-11,19:26,22,SV-002,Spinach Wrap,4,6.5,0.33,24.68,Cash,STORE-01
TXN-00007,C0044,2026-07-04,17:06,13,CK-003,Carrot Cake,3,8.5,0.0,25.5,Card,STORE-01
TXN-00008,C0013,2026-05-06,15:28,14,CK-004,Red Velvet Slice,3,7.0,0.35,19.95,Card,STORE-01
TXN-00008,C0013,2026-05-06,15:28,6,BR-001,Sourdough Loaf,1,7.5,0.38,7.12,Cash,STORE-01
TXN-00009,C0004,2026-07-04,15:53,3,CF-003,Cinnamon Roll,2,3.25,0.0,6.5,Gift Card,STORE-01
TXN-00010,C0032,2026-06-12,10:55,2,CF-002,Muffin Blueberry,4,2.75,0.0,11.0,Gift Card,STORE-01
TXN-00010,C0032,2026-06-12,10:55,6,BR-001,Sourdough Loaf,3,7.5,0.38,21.36,Gift Card,STORE-01
TXN-00010,C0032,2026-06-12,10:55,13,CK-003,Carrot Cake,2,8.5,0.0,17.0,Contactless,STORE-01
TXN-00010,C0032,2026-06-12,10:55,1,CF-001,Croissant,2,3.5,0.0,7.0,Cash,STORE-01
TXN-00011,C0048,2026-05-22,07:03,17,DR-002,Latte 16oz,2,4.75,0.0,9.5,Cash,STORE-01
TXN-00011,C0048,2026-05-22,07:03,6,BR-001,Sourdough Loaf,2,7.5,0.38,14.24,Cash,STORE-01
TXN-00011,C0048,2026-05-22,07:03,2,CF-002,Muffin Blueberry,5,2.75,0.0,13.75,Cash,STORE-01
TXN-00011,C0048,2026-05-22,07:03,3,CF-003,Cinnamon Roll,5,3.25,0.0,16.25,Gift Card,STORE-01
TXN-00012,C0043,2026-06-25,16:33,9,BR-004,Rye Bread,3,7.0,0.0,21.0,Contactless,STORE-01
TXN-00012,C0043,2026-06-25,16:33,7,BR-002,Baguette,4,3.5,0.0,14.0,Contactless,STORE-01
TXN-00012,C0043,2026-06-25,16:33,22,SV-002,Spinach Wrap,4,6.5,0.0,26.0,Cash,STORE-01
TXN-00013,C0001,2026-06-09,16:36,3,CF-003,Cinnamon Roll,5,3.25,0.0,16.25,Contactless,STORE-01
TXN-00014,C0009,2026-05-26,08:56,12,CK-002,Cheesecake Slice,2,7.5,0.38,14.24,Contactless,STORE-01
TXN-00014,C0009,2026-05-26,08:56,10,BR-005,Focaccia Herb,5,6.0,0.6,27.0,Cash,STORE-01
TXN-00015,C0043,2026-06-21,11:59,5,CF-005,Scone Cranberry,3,2.5,0.0,7.5,Cash,STORE-01
TXN-00016,C0048,2026-06-21,09:17,20,DR-005,Hot Chocolate,3,4.0,0.0,12.0,Contactless,STORE-01
TXN-00016,C0048,2026-06-21,09:17,7,BR-002,Baguette,5,3.5,0.18,16.6,Contactless,STORE-01
TXN-00016,C0048,2026-06-21,09:17,23,SV-003,Turkey Panini,1,7.0,0.0,7.0,Gift Card,STORE-01
TXN-00017,C0054,2026-05-17,07:00,25,SV-005,Breakfast Burrito,3,6.25,0.0,18.75,Gift Card,STORE-01
TXN-00017,C0054,2026-05-17,07:00,5,CF-005,Scone Cranberry,5,2.5,0.12,11.9,Cash,STORE-01
TXN-00017,C0054,2026-05-17,07:00,21,SV-001,Quiche Lorraine,1,7.5,0.0,7.5,Card,STORE-01
TXN-00018,C0035,2026-04-16,12:37,14,CK-004,Red Velvet Slice,1,7.0,0.0,7.0,Contactless,STORE-01
TXN-00018,C0035,2026-04-16,12:37,5,CF-005,Scone Cranberry,1,2.5,0.0,2.5,Card,STORE-01
TXN-00019,C0044,2026-05-13,17:06,25,SV-005,Breakfast Burrito,5,6.25,0.0,31.25,Card,STORE-01
TXN-00019,C0044,2026-05-13,17:06,18,DR-003,Matcha Latte,2,5.5,0.0,11.0,Gift Card,STORE-01
TXN-00019,C0044,2026-05-13,17:06,14,CK-004,Red Velvet Slice,1,7.0,0.0,7.0,Contactless,STORE-01
TXN-00020,C0051,2026-06-03,19:42,9,BR-004,Rye Bread,1,7.0,0.35,6.65,Cash,STORE-01
TXN-00020,C0051,2026-06-03,19:42,6,BR-001,Sourdough Loaf,4,7.5,0.0,30.0,Card,STORE-01
TXN-00021,C0053,2026-06-09,12:19,8,BR-003,Whole Wheat Loaf,2,6.5,0.33,12.34,Contactless,STORE-01
TXN-00021,C0053,2026-06-09,12:19,1,CF-001,Croissant,3,3.5,0.0,10.5,Contactless,STORE-01
TXN-00022,C0023,2026-07-03,15:25,1,CF-001,Croissant,2,3.5,0.35,6.3,Contactless,STORE-01
TXN-00022,C0023,2026-07-03,15:25,4,CF-004,Danish Almond,1,3.75,0.0,3.75,Gift Card,STORE-01
TXN-00022,C0023,2026-07-03,15:25,9,BR-004,Rye Bread,3,7.0,0.0,21.0,Gift Card,STORE-01
TXN-00023,C0039,2026-06-16,08:24,9,BR-004,Rye Bread,4,7.0,0.0,28.0,Card,STORE-01
TXN-00023,C0039,2026-06-16,08:24,2,CF-002,Muffin Blueberry,3,2.75,0.14,7.83,Cash,STORE-01
TXN-00024,C0043,2026-05-24,16:20,24,SV-004,Caprese Sandwich,3,6.75,0.68,18.21,Contactless,STORE-01
TXN-00025,C0043,2026-06-03,12:25,18,DR-003,Matcha Latte,4,5.5,0.28,20.88,Card,STORE-01
TXN-00025,C0043,2026-06-03,12:25,5,CF-005,Scone Cranberry,5,2.5,0.25,11.25,Contactless,STORE-01
TXN-00025,C0043,2026-06-03,12:25,7,BR-002,Baguette,4,3.5,0.35,12.6,Cash,STORE-01
TXN-00026,C0020,2026-05-18,10:27,15,CK-005,Tiramisu Cup,5,6.0,0.3,28.5,Card,STORE-01
TXN-00026,C0020,2026-05-18,10:27,22,SV-002,Spinach Wrap,1,6.5,0.0,6.5,Contactless,STORE-01
TXN-00026,C0020,2026-05-18,10:27,7,BR-002,Baguette,1,3.5,0.0,3.5,Contactless,STORE-01
TXN-00027,C0015,2026-05-07,09:01,8,BR-003,Whole Wheat Loaf,4,6.5,0.65,23.4,Cash,STORE-01
TXN-00028,C0030,2026-06-04,17:36,23,SV-003,Turkey Panini,4,7.0,0.35,26.6,Card,STORE-01
TXN-00028,C0030,2026-06-04,17:36,13,CK-003,Carrot Cake,2,8.5,0.0,17.0,Cash,STORE-01
TXN-00029,C0050,2026-06-05,10:11,2,CF-002,Muffin Blueberry,4,2.75,0.0,11.0,Gift Card,STORE-01
TXN-00029,C0050,2026-06-05,10:11,18,DR-003,Matcha Latte,5,5.5,0.55,24.75,Contactless,STORE-01
TXN-00029,C0050,2026-06-05,10:11,8,BR-003,Whole Wheat Loaf,4,6.5,0.65,23.4,Gift Card,STORE-01
TXN-00029,C0050,2026-06-05,10:11,4,CF-004,Danish Almond,5,3.75,0.19,17.8,Card,STORE-01
TXN-00030,C0048,2026-06-11,14:16,21,SV-001,Quiche Lorraine,5,7.5,0.38,35.6,Card,STORE-01
TXN-00030,C0048,2026-06-11,14:16,9,BR-004,Rye Bread,3,7.0,0.35,19.95,Cash,STORE-01
TXN-00031,C0046,2026-05-18,10:17,11,CK-001,Birthday Cake 8in,2,32.0,0.0,64.0,Card,STORE-01
TXN-00031,C0046,2026-05-18,10:17,18,DR-003,Matcha Latte,4,5.5,0.0,22.0,Card,STORE-01
TXN-00031,C0046,2026-05-18,10:17,3,CF-003,Cinnamon Roll,1,3.25,0.16,3.09,Gift Card,STORE-01
TXN-00032,C0022,2026-06-20,14:26,7,BR-002,Baguette,4,3.5,0.18,13.28,Cash,STORE-01
TXN-00033,C0055,2026-06-24,13:30,12,CK-002,Cheesecake Slice,3,7.5,0.38,21.36,Gift Card,STORE-01
TXN-00034,C0035,2026-06-20,19:38,16,DR-001,Drip Coffee,3,2.5,0.12,7.14,Gift Card,STORE-01
TXN-00034,C0035,2026-06-20,19:38,8,BR-003,Whole Wheat Loaf,1,6.5,0.33,6.17,Contactless,STORE-01
TXN-00035,C0043,2026-07-07,19:25,15,CK-005,Tiramisu Cup,5,6.0,0.6,27.0,Cash,STORE-01
TXN-00035,C0043,2026-07-07,19:25,5,CF-005,Scone Cranberry,4,2.5,0.25,9.0,Cash,STORE-01
TXN-00036,C0006,2026-07-03,13:08,6,BR-001,Sourdough Loaf,3,7.5,0.0,22.5,Gift Card,STORE-01
TXN-00036,C0006,2026-07-03,13:08,2,CF-002,Muffin Blueberry,3,2.75,0.0,8.25,Gift Card,STORE-01
TXN-00036,C0006,2026-07-03,13:08,9,BR-004,Rye Bread,3,7.0,0.35,19.95,Contactless,STORE-01
TXN-00036,C0006,2026-07-03,13:08,13,CK-003,Carrot Cake,1,8.5,0.43,8.07,Cash,STORE-01
TXN-00037,C0048,2026-06-20,07:22,21,SV-001,Quiche Lorraine,1,7.5,0.0,7.5,Card,STORE-01
TXN-00037,C0048,2026-06-20,07:22,3,CF-003,Cinnamon Roll,2,3.25,0.0,6.5,Card,STORE-01
TXN-00038,C0016,2026-04-28,14:42,19,DR-004,Cold Brew,2,4.25,0.21,8.08,Contactless,STORE-01
TXN-00039,C0050,2026-05-29,09:38,25,SV-005,Breakfast Burrito,2,6.25,0.0,12.5,Cash,STORE-01
TXN-00040,C0038,2026-04-15,11:36,13,CK-003,Carrot Cake,5,8.5,0.0,42.5,Cash,STORE-01
TXN-00040,C0038,2026-04-15,11:36,23,SV-003,Turkey Panini,3,7.0,0.7,18.9,Cash,STORE-01
TXN-00040,C0038,2026-04-15,11:36,7,BR-002,Baguette,5,3.5,0.0,17.5,Contactless,STORE-01
TXN-00040,C0038,2026-04-15,11:36,3,CF-003,Cinnamon Roll,5,3.25,0.16,15.45,Contactless,STORE-01
TXN-00041,C0005,2026-06-15,17:21,14,CK-004,Red Velvet Slice,4,7.0,0.0,28.0,Gift Card,STORE-01
TXN-00042,C0024,2026-07-02,14:45,14,CK-004,Red Velvet Slice,5,7.0,0.0,35.0,Gift Card,STORE-01
TXN-00042,C0024,2026-07-02,14:45,6,BR-001,Sourdough Loaf,4,7.5,0.38,28.48,Contactless,STORE-01
TXN-00043,C0021,2026-05-13,08:17,8,BR-003,Whole Wheat Loaf,5,6.5,0.33,30.85,Contactless,STORE-01
TXN-00043,C0021,2026-05-13,08:17,25,SV-005,Breakfast Burrito,1,6.25,0.31,5.94,Contactless,STORE-01
TXN-00043,C0021,2026-05-13,08:17,15,CK-005,Tiramisu Cup,2,6.0,0.3,11.4,Card,STORE-01
TXN-00043,C0021,2026-05-13,08:17,19,DR-004,Cold Brew,3,4.25,0.0,12.75,Contactless,STORE-01
TXN-00044,C0018,2026-06-27,18:56,18,DR-003,Matcha Latte,2,5.5,0.0,11.0,Card,STORE-01
TXN-00044,C0018,2026-06-27,18:56,1,CF-001,Croissant,4,3.5,0.18,13.28,Card,STORE-01
TXN-00044,C0018,2026-06-27,18:56,17,DR-002,Latte 16oz,4,4.75,0.24,18.04,Gift Card,STORE-01
TXN-00045,C0051,2026-04-14,08:18,13,CK-003,Carrot Cake,2,8.5,0.0,17.0,Contactless,STORE-01
TXN-00045,C0051,2026-04-14,08:18,23,SV-003,Turkey Panini,4,7.0,0.7,25.2,Contactless,STORE-01
TXN-00046,C0028,2026-06-21,12:22,9,BR-004,Rye Bread,2,7.0,0.0,14.0,Cash,STORE-01
TXN-00046,C0028,2026-06-21,12:22,10,BR-005,Focaccia Herb,5,6.0,0.0,30.0,Card,STORE-01
TXN-00046,C0028,2026-06-21,12:22,8,BR-003,Whole Wheat Loaf,2,6.5,0.33,12.34,Contactless,STORE-01
TXN-00046,C0028,2026-06-21,12:22,4,CF-004,Danish Almond,5,3.75,0.38,16.85,Contactless,STORE-01
TXN-00047,C0007,2026-05-06,11:14,6,BR-001,Sourdough Loaf,5,7.5,0.0,37.5,Contactless,STORE-01
TXN-00047,C0007,2026-05-06,11:14,10,BR-005,Focaccia Herb,1,6.0,0.0,6.0,Contactless,STORE-01
TXN-00047,C0007,2026-05-06,11:14,1,CF-001,Croissant,2,3.5,0.18,6.64,Cash,STORE-01
TXN-00048,C0056,2026-04-13,16:18,16,DR-001,Drip Coffee,1,2.5,0.0,2.5,Gift Card,STORE-01
TXN-00048,C0056,2026-04-13,16:18,15,CK-005,Tiramisu Cup,1,6.0,0.0,6.0,Gift Card,STORE-01
TXN-00048,C0056,2026-04-13,16:18,11,CK-001,Birthday Cake 8in,4,32.0,0.0,128.0,Cash,STORE-01
TXN-00048,C0056,2026-04-13,16:18,6,BR-001,Sourdough Loaf,2,7.5,0.0,15.0,Contactless,STORE-01
TXN-00049,C0006,2026-05-13,08:35,20,DR-005,Hot Chocolate,4,4.0,0.2,15.2,Gift Card,STORE-01
TXN-00049,C0006,2026-05-13,08:35,8,BR-003,Whole Wheat Loaf,3,6.5,0.65,17.55,Gift Card,STORE-01
TXN-00049,C0006,2026-05-13,08:35,25,SV-005,Breakfast Burrito,3,6.25,0.62,16.89,Cash,STORE-01
TXN-00049,C0006,2026-05-13,08:35,17,DR-002,Latte 16oz,5,4.75,0.0,23.75,Card,STORE-01
TXN-00050,C0041,2026-05-09,11:42,6,BR-001,Sourdough Loaf,2,7.5,0.0,15.0,Cash,STORE-01
TXN-00051,C0011,2026-04-12,13:28,10,BR-005,Focaccia Herb,3,6.0,0.3,17.1,Cash,STORE-01
TXN-00051,C0011,2026-04-12,13:28,2,CF-002,Muffin Blueberry,2,2.75,0.0,5.5,Card,STORE-01
TXN-00051,C0011,2026-04-12,13:28,8,BR-003,Whole Wheat Loaf,4,6.5,0.0,26.0,Card,STORE-01
TXN-00051,C0011,2026-04-12,13:28,23,SV-003,Turkey Panini,2,7.0,0.0,14.0,Card,STORE-01
TXN-00052,C0005,2026-04-19,09:50,20,DR-005,Hot Chocolate,3,4.0,0.2,11.4,Cash,STORE-01
TXN-00052,C0005,2026-04-19,09:50,24,SV-004,Caprese Sandwich,4,6.75,0.0,27.0,Gift Card,STORE-01
TXN-00052,C0005,2026-04-19,09:50,19,DR-004,Cold Brew,3,4.25,0.43,11.46,Gift Card,STORE-01
TXN-00053,C0029,2026-04-22,16:02,24,SV-004,Caprese Sandwich,1,6.75,0.0,6.75,Card,STORE-01
TXN-00053,C0029,2026-04-22,16:02,11,CK-001,Birthday Cake 8in,5,32.0,3.2,144.0,Cash,STORE-01
TXN-00053,C0029,2026-04-22,16:02,20,DR-005,Hot Chocolate,3,4.0,0.4,10.8,Cash,STORE-01
TXN-00053,C0029,2026-04-22,16:02,9,BR-004,Rye Bread,2,7.0,0.35,13.3,Gift Card,STORE-01
TXN-00054,C0059,2026-05-17,09:37,21,SV-001,Quiche Lorraine,4,7.5,0.0,30.0,Contactless,STORE-01
TXN-00054,C0059,2026-05-17,09:37,16,DR-001,Drip Coffee,1,2.5,0.0,2.5,Contactless,STORE-01
TXN-00054,C0059,2026-05-17,09:37,3,CF-003,Cinnamon Roll,4,3.25,0.16,12.36,Contactless,STORE-01
TXN-00054,C0059,2026-05-17,09:37,12,CK-002,Cheesecake Slice,4,7.5,0.75,27.0,Cash,STORE-01
TXN-00055,C0030,2026-04-23,12:16,4,CF-004,Danish Almond,5,3.75,0.0,18.75,Gift Card,STORE-01
TXN-00055,C0030,2026-04-23,12:16,25,SV-005,Breakfast Burrito,4,6.25,0.0,25.0,Card,STORE-01
TXN-00055,C0030,2026-04-23,12:16,13,CK-003,Carrot Cake,5,8.5,0.0,42.5,Gift Card,STORE-01
TXN-00056,C0041,2026-06-07,19:03,9,BR-004,Rye Bread,2,7.0,0.0,14.0,Gift Card,STORE-01
TXN-00056,C0041,2026-06-07,19:03,18,DR-003,Matcha Latte,4,5.5,0.0,22.0,Cash,STORE-01
TXN-00057,C0041,2026-06-28,19:15,10,BR-005,Focaccia Herb,1,6.0,0.6,5.4,Gift Card,STORE-01
TXN-00057,C0041,2026-06-28,19:15,18,DR-003,Matcha Latte,1,5.5,0.0,5.5,Cash,STORE-01
TXN-00058,C0030,2026-04-27,17:53,16,DR-001,Drip Coffee,3,2.5,0.25,6.75,Contactless,STORE-01
TXN-00058,C0030,2026-04-27,17:53,23,SV-003,Turkey Panini,4,7.0,0.35,26.6,Gift Card,STORE-01
TXN-00059,C0016,2026-06-09,15:09,7,BR-002,Baguette,2,3.5,0.0,7.0,Contactless,STORE-01
TXN-00059,C0016,2026-06-09,15:09,20,DR-005,Hot Chocolate,4,4.0,0.0,16.0,Contactless,STORE-01
TXN-00059,C0016,2026-06-09,15:09,17,DR-002,Latte 16oz,1,4.75,0.0,4.75,Contactless,STORE-01
TXN-00059,C0016,2026-06-09,15:09,24,SV-004,Caprese Sandwich,5,6.75,0.68,30.35,Gift Card,STORE-01
TXN-00060,C0056,2026-05-01,14:34,12,CK-002,Cheesecake Slice,5,7.5,0.38,35.6,Gift Card,STORE-01
TXN-00060,C0056,2026-05-01,14:34,11,CK-001,Birthday Cake 8in,3,32.0,0.0,96.0,Card,STORE-01
TXN-00060,C0056,2026-05-01,14:34,18,DR-003,Matcha Latte,5,5.5,0.28,26.1,Card,STORE-01
TXN-00060,C0056,2026-05-01,14:34,25,SV-005,Breakfast Burrito,4,6.25,0.0,25.0,Contactless,STORE-01
TXN-00061,C0048,2026-06-11,18:58,13,CK-003,Carrot Cake,4,8.5,0.0,34.0,Card,STORE-01
TXN-00061,C0048,2026-06-11,18:58,22,SV-002,Spinach Wrap,5,6.5,0.65,29.25,Contactless,STORE-01
TXN-00061,C0048,2026-06-11,18:58,21,SV-001,Quiche Lorraine,1,7.5,0.38,7.12,Cash,STORE-01
TXN-00061,C0048,2026-06-11,18:58,5,CF-005,Scone Cranberry,5,2.5,0.12,11.9,Cash,STORE-01
TXN-00062,C0047,2026-04-30,13:55,3,CF-003,Cinnamon Roll,3,3.25,0.0,9.75,Gift Card,STORE-01
TXN-00062,C0047,2026-04-30,13:55,16,DR-001,Drip Coffee,1,2.5,0.0,2.5,Gift Card,STORE-01
TXN-00063,C0021,2026-07-01,18:56,18,DR-003,Matcha Latte,2,5.5,0.0,11.0,Card,STORE-01
TXN-00063,C0021,2026-07-01,18:56,2,CF-002,Muffin Blueberry,1,2.75,0.14,2.61,Cash,STORE-01
TXN-00063,C0021,2026-07-01,18:56,20,DR-005,Hot Chocolate,1,4.0,0.2,3.8,Card,STORE-01
TXN-00063,C0021,2026-07-01,18:56,3,CF-003,Cinnamon Roll,3,3.25,0.0,9.75,Cash,STORE-01
TXN-00064,C0021,2026-04-19,11:22,14,CK-004,Red Velvet Slice,5,7.0,0.35,33.25,Card,STORE-01
TXN-00064,C0021,2026-04-19,11:22,5,CF-005,Scone Cranberry,2,2.5,0.0,5.0,Cash,STORE-01
TXN-00064,C0021,2026-04-19,11:22,8,BR-003,Whole Wheat Loaf,5,6.5,0.33,30.85,Card,STORE-01
TXN-00065,C0032,2026-06-25,09:14,21,SV-001,Quiche Lorraine,1,7.5,0.38,7.12,Contactless,STORE-01
TXN-00065,C0032,2026-06-25,09:14,9,BR-004,Rye Bread,5,7.0,0.0,35.0,Cash,STORE-01
TXN-00065,C0032,2026-06-25,09:14,15,CK-005,Tiramisu Cup,4,6.0,0.0,24.0,Contactless,STORE-01
TXN-00065,C0032,2026-06-25,09:14,22,SV-002,Spinach Wrap,4,6.5,0.0,26.0,Gift Card,STORE-01
TXN-00066,C0055,2026-05-20,10:24,4,CF-004,Danish Almond,3,3.75,0.38,10.11,Contactless,STORE-01
TXN-00066,C0055,2026-05-20,10:24,8,BR-003,Whole Wheat Loaf,3,6.5,0.0,19.5,Gift Card,STORE-01
TXN-00066,C0055,2026-05-20,10:24,13,CK-003,Carrot Cake,3,8.5,0.0,25.5,Cash,STORE-01
TXN-00066,C0055,2026-05-20,10:24,19,DR-004,Cold Brew,5,4.25,0.21,20.2,Contactless,STORE-01
TXN-00067,C0050,2026-05-11,16:51,8,BR-003,Whole Wheat Loaf,5,6.5,0.0,32.5,Card,STORE-01
TXN-00067,C0050,2026-05-11,16:51,21,SV-001,Quiche Lorraine,1,7.5,0.0,7.5,Contactless,STORE-01
TXN-00067,C0050,2026-05-11,16:51,7,BR-002,Baguette,4,3.5,0.0,14.0,Contactless,STORE-01
TXN-00068,C0047,2026-04-28,08:58,11,CK-001,Birthday Cake 8in,2,32.0,0.0,64.0,Card,STORE-01
TXN-00068,C0047,2026-04-28,08:58,24,SV-004,Caprese Sandwich,5,6.75,0.0,33.75,Contactless,STORE-01
TXN-00068,C0047,2026-04-28,08:58,14,CK-004,Red Velvet Slice,2,7.0,0.0,14.0,Gift Card,STORE-01
TXN-00069,C0052,2026-05-19,18:55,4,CF-004,Danish Almond,2,3.75,0.0,7.5,Gift Card,STORE-01
TXN-00069,C0052,2026-05-19,18:55,15,CK-005,Tiramisu Cup,5,6.0,0.0,30.0,Cash,STORE-01
TXN-00069,C0052,2026-05-19,18:55,3,CF-003,Cinnamon Roll,4,3.25,0.0,13.0,Contactless,STORE-01
TXN-00070,C0035,2026-04-27,14:23,19,DR-004,Cold Brew,3,4.25,0.0,12.75,Card,STORE-01
TXN-00070,C0035,2026-04-27,14:23,13,CK-003,Carrot Cake,4,8.5,0.0,34.0,Contactless,STORE-01
TXN-00070,C0035,2026-04-27,14:23,21,SV-001,Quiche Lorraine,5,7.5,0.0,37.5,Cash,STORE-01
TXN-00071,C0041,2026-06-10,18:19,4,CF-004,Danish Almond,4,3.75,0.0,15.0,Cash,STORE-01
TXN-00071,C0041,2026-06-10,18:19,5,CF-005,Scone Cranberry,2,2.5,0.25,4.5,Card,STORE-01
TXN-00071,C0041,2026-06-10,18:19,2,CF-002,Muffin Blueberry,4,2.75,0.14,10.44,Contactless,STORE-01
TXN-00071,C0041,2026-06-10,18:19,10,BR-005,Focaccia Herb,5,6.0,0.3,28.5,Card,STORE-01
TXN-00072,C0057,2026-06-04,17:06,20,DR-005,Hot Chocolate,3,4.0,0.0,12.0,Gift Card,STORE-01
TXN-00072,C0057,2026-06-04,17:06,14,CK-004,Red Velvet Slice,4,7.0,0.0,28.0,Contactless,STORE-01
TXN-00072,C0057,2026-06-04,17:06,9,BR-004,Rye Bread,1,7.0,0.0,7.0,Contactless,STORE-01
TXN-00072,C0057,2026-06-04,17:06,2,CF-002,Muffin Blueberry,1,2.75,0.14,2.61,Contactless,STORE-01
TXN-00073,C0013,2026-04-27,14:05,21,SV-001,Quiche Lorraine,1,7.5,0.0,7.5,Contactless,STORE-01
TXN-00073,C0013,2026-04-27,14:05,20,DR-005,Hot Chocolate,2,4.0,0.0,8.0,Card,STORE-01
TXN-00074,C0005,2026-06-21,10:37,8,BR-003,Whole Wheat Loaf,2,6.5,0.65,11.7,Cash,STORE-01
TXN-00074,C0005,2026-06-21,10:37,11,CK-001,Birthday Cake 8in,3,32.0,0.0,96.0,Card,STORE-01
TXN-00075,C0035,2026-05-14,19:11,22,SV-002,Spinach Wrap,1,6.5,0.0,6.5,Cash,STORE-01
TXN-00076,C0023,2026-05-12,16:20,6,BR-001,Sourdough Loaf,3,7.5,0.0,22.5,Card,STORE-01
TXN-00077,C0048,2026-06-04,15:07,16,DR-001,Drip Coffee,4,2.5,0.0,10.0,Cash,STORE-01
TXN-00078,C0029,2026-06-15,10:39,24,SV-004,Caprese Sandwich,5,6.75,0.0,33.75,Gift Card,STORE-01
TXN-00079,C0042,2026-04-15,07:30,14,CK-004,Red Velvet Slice,4,7.0,0.0,28.0,Cash,STORE-01
TXN-00079,C0042,2026-04-15,07:30,22,SV-002,Spinach Wrap,3,6.5,0.65,17.55,Card,STORE-01
TXN-00079,C0042,2026-04-15,07:30,4,CF-004,Danish Almond,1,3.75,0.0,3.75,Contactless,STORE-01
TXN-00079,C0042,2026-04-15,07:30,16,DR-001,Drip Coffee,5,2.5,0.25,11.25,Contactless,STORE-01
TXN-00080,C0025,2026-06-27,15:18,17,DR-002,Latte 16oz,1,4.75,0.48,4.27,Card,STORE-01
TXN-00080,C0025,2026-06-27,15:18,20,DR-005,Hot Chocolate,4,4.0,0.2,15.2,Card,STORE-01
TXN-00080,C0025,2026-06-27,15:18,14,CK-004,Red Velvet Slice,4,7.0,0.0,28.0,Gift Card,STORE-01
TXN-00080,C0025,2026-06-27,15:18,4,CF-004,Danish Almond,4,3.75,0.19,14.24,Cash,STORE-01
TXN-00081,C0021,2026-06-05,12:42,12,CK-002,Cheesecake Slice,4,7.5,0.0,30.0,Cash,STORE-01
TXN-00081,C0021,2026-06-05,12:42,5,CF-005,Scone Cranberry,1,2.5,0.0,2.5,Gift Card,STORE-01
TXN-00081,C0021,2026-06-05,12:42,22,SV-002,Spinach Wrap,1,6.5,0.0,6.5,Card,STORE-01
TXN-00082,C0036,2026-04-19,16:35,22,SV-002,Spinach Wrap,3,6.5,0.33,18.51,Cash,STORE-01
TXN-00082,C0036,2026-04-19,16:35,4,CF-004,Danish Almond,3,3.75,0.38,10.11,Contactless,STORE-01
TXN-00082,C0036,2026-04-19,16:35,14,CK-004,Red Velvet Slice,3,7.0,0.0,21.0,Card,STORE-01
TXN-00083,C0010,2026-07-05,14:14,12,CK-002,Cheesecake Slice,5,7.5,0.0,37.5,Cash,STORE-01
TXN-00084,C0049,2026-05-17,16:14,18,DR-003,Matcha Latte,5,5.5,0.0,27.5,Contactless,STORE-01
TXN-00084,C0049,2026-05-17,16:14,25,SV-005,Breakfast Burrito,1,6.25,0.0,6.25,Contactless,STORE-01
TXN-00084,C0049,2026-05-17,16:14,20,DR-005,Hot Chocolate,3,4.0,0.0,12.0,Contactless,STORE-01
TXN-00084,C0049,2026-05-17,16:14,22,SV-002,Spinach Wrap,1,6.5,0.0,6.5,Card,STORE-01
TXN-00085,C0037,2026-07-05,13:04,24,SV-004,Caprese Sandwich,1,6.75,0.0,6.75,Card,STORE-01
TXN-00085,C0037,2026-07-05,13:04,21,SV-001,Quiche Lorraine,4,7.5,0.38,28.48,Gift Card,STORE-01
TXN-00086,C0022,2026-05-02,12:19,25,SV-005,Breakfast Burrito,1,6.25,0.0,6.25,Card,STORE-01
TXN-00086,C0022,2026-05-02,12:19,19,DR-004,Cold Brew,2,4.25,0.43,7.64,Cash,STORE-01
TXN-00086,C0022,2026-05-02,12:19,20,DR-005,Hot Chocolate,1,4.0,0.0,4.0,Gift Card,STORE-01
TXN-00087,C0043,2026-06-05,14:38,14,CK-004,Red Velvet Slice,5,7.0,0.0,35.0,Contactless,STORE-01
TXN-00087,C0043,2026-06-05,14:38,9,BR-004,Rye Bread,4,7.0,0.0,28.0,Contactless,STORE-01
TXN-00087,C0043,2026-06-05,14:38,7,BR-002,Baguette,5,3.5,0.18,16.6,Contactless,STORE-01
TXN-00087,C0043,2026-06-05,14:38,25,SV-005,Breakfast Burrito,1,6.25,0.0,6.25,Gift Card,STORE-01
TXN-00088,C0039,2026-04-19,07:13,7,BR-002,Baguette,3,3.5,0.0,10.5,Contactless,STORE-01
TXN-00088,C0039,2026-04-19,07:13,25,SV-005,Breakfast Burrito,1,6.25,0.0,6.25,Gift Card,STORE-01
TXN-00088,C0039,2026-04-19,07:13,5,CF-005,Scone Cranberry,4,2.5,0.0,10.0,Card,STORE-01
TXN-00089,C0025,2026-06-19,18:14,3,CF-003,Cinnamon Roll,1,3.25,0.16,3.09,Cash,STORE-01
TXN-00089,C0025,2026-06-19,18:14,13,CK-003,Carrot Cake,4,8.5,0.0,34.0,Contactless,STORE-01
TXN-00089,C0025,2026-06-19,18:14,24,SV-004,Caprese Sandwich,5,6.75,0.34,32.05,Gift Card,STORE-01
TXN-00090,C0046,2026-07-02,13:18,13,CK-003,Carrot Cake,1,8.5,0.0,8.5,Card,STORE-01
TXN-00091,C0052,2026-06-30,14:53,3,CF-003,Cinnamon Roll,2,3.25,0.16,6.18,Gift Card,STORE-01
TXN-00091,C0052,2026-06-30,14:53,14,CK-004,Red Velvet Slice,5,7.0,0.0,35.0,Gift Card,STORE-01
TXN-00091,C0052,2026-06-30,14:53,4,CF-004,Danish Almond,3,3.75,0.0,11.25,Card,STORE-01
TXN-00092,C0022,2026-05-03,08:32,17,DR-002,Latte 16oz,5,4.75,0.0,23.75,Contactless,STORE-01
TXN-00093,C0023,2026-07-03,09:15,5,CF-005,Scone Cranberry,3,2.5,0.0,7.5,Card,STORE-01
TXN-00094,C0039,2026-05-01,19:48,6,BR-001,Sourdough Loaf,4,7.5,0.38,28.48,Gift Card,STORE-01
TXN-00095,C0044,2026-06-23,17:40,21,SV-001,Quiche Lorraine,4,7.5,0.0,30.0,Gift Card,STORE-01
TXN-00095,C0044,2026-06-23,17:40,11,CK-001,Birthday Cake 8in,4,32.0,0.0,128.0,Contactless,STORE-01
TXN-00095,C0044,2026-06-23,17:40,5,CF-005,Scone Cranberry,5,2.5,0.0,12.5,Contactless,STORE-01
TXN-00096,C0033,2026-04-21,11:29,2,CF-002,Muffin Blueberry,1,2.75,0.28,2.47,Gift Card,STORE-01
TXN-00096,C0033,2026-04-21,11:29,12,CK-002,Cheesecake Slice,4,7.5,0.75,27.0,Cash,STORE-01
TXN-00096,C0033,2026-04-21,11:29,10,BR-005,Focaccia Herb,4,6.0,0.6,21.6,Card,STORE-01
TXN-00096,C0033,2026-04-21,11:29,3,CF-003,Cinnamon Roll,3,3.25,0.33,8.76,Gift Card,STORE-01
TXN-00097,C0033,2026-05-01,07:28,11,CK-001,Birthday Cake 8in,1,32.0,3.2,28.8,Card,STORE-01
TXN-00098,C0003,2026-05-13,18:28,17,DR-002,Latte 16oz,3,4.75,0.0,14.25,Gift Card,STORE-01
TXN-00098,C0003,2026-05-13,18:28,20,DR-005,Hot Chocolate,4,4.0,0.0,16.0,Cash,STORE-01
TXN-00098,C0003,2026-05-13,18:28,6,BR-001,Sourdough Loaf,3,7.5,0.0,22.5,Contactless,STORE-01
TXN-00098,C0003,2026-05-13,18:28,12,CK-002,Cheesecake Slice,1,7.5,0.75,6.75,Gift Card,STORE-01
TXN-00099,C0019,2026-05-14,18:54,11,CK-001,Birthday Cake 8in,5,32.0,0.0,160.0,Contactless,STORE-01
TXN-00099,C0019,2026-05-14,18:54,3,CF-003,Cinnamon Roll,3,3.25,0.16,9.27,Card,STORE-01
TXN-00100,C0039,2026-04-22,11:35,21,SV-001,Quiche Lorraine,5,7.5,0.0,37.5,Gift Card,STORE-01
TXN-00100,C0039,2026-04-22,11:35,11,CK-001,Birthday Cake 8in,5,32.0,0.0,160.0,Cash,STORE-01
TXN-00100,C0039,2026-04-22,11:35,5,CF-005,Scone Cranberry,3,2.5,0.0,7.5,Card,STORE-01
TXN-00100,C0039,2026-04-22,11:35,22,SV-002,Spinach Wrap,2,6.5,0.0,13.0,Gift Card,STORE-01
TXN-00101,C0013,2026-05-10,09:09,10,BR-005,Focaccia Herb,1,6.0,0.6,5.4,Cash,STORE-01
TXN-00102,C0043,2026-05-25,19:39,20,DR-005,Hot Chocolate,2,4.0,0.0,8.0,Card,STORE-01
TXN-00102,C0043,2026-05-25,19:39,13,CK-003,Carrot Cake,5,8.5,0.0,42.5,Gift Card,STORE-01
TXN-00103,C0003,2026-06-03,12:43,15,CK-005,Tiramisu Cup,3,6.0,0.3,17.1,Card,STORE-01
TXN-00103,C0003,2026-06-03,12:43,20,DR-005,Hot Chocolate,5,4.0,0.0,20.0,Contactless,STORE-01
TXN-00104,C0052,2026-06-11,10:23,15,CK-005,Tiramisu Cup,5,6.0,0.6,27.0,Gift Card,STORE-01
TXN-00104,C0052,2026-06-11,10:23,25,SV-005,Breakfast Burrito,2,6.25,0.0,12.5,Card,STORE-01
TXN-00104,C0052,2026-06-11,10:23,10,BR-005,Focaccia Herb,3,6.0,0.0,18.0,Gift Card,STORE-01
TXN-00104,C0052,2026-06-11,10:23,13,CK-003,Carrot Cake,3,8.5,0.85,22.95,Cash,STORE-01
TXN-00105,C0046,2026-06-17,08:18,25,SV-005,Breakfast Burrito,2,6.25,0.0,12.5,Gift Card,STORE-01
TXN-00106,C0058,2026-06-16,09:53,3,CF-003,Cinnamon Roll,1,3.25,0.16,3.09,Cash,STORE-01
TXN-00106,C0058,2026-06-16,09:53,8,BR-003,Whole Wheat Loaf,4,6.5,0.65,23.4,Contactless,STORE-01
TXN-00106,C0058,2026-06-16,09:53,15,CK-005,Tiramisu Cup,2,6.0,0.3,11.4,Cash,STORE-01
TXN-00106,C0058,2026-06-16,09:53,12,CK-002,Cheesecake Slice,3,7.5,0.0,22.5,Cash,STORE-01
TXN-00107,C0021,2026-04-24,18:41,5,CF-005,Scone Cranberry,4,2.5,0.0,10.0,Gift Card,STORE-01
TXN-00107,C0021,2026-04-24,18:41,2,CF-002,Muffin Blueberry,4,2.75,0.28,9.88,Cash,STORE-01
TXN-00107,C0021,2026-04-24,18:41,10,BR-005,Focaccia Herb,1,6.0,0.0,6.0,Contactless,STORE-01
TXN-00108,C0014,2026-05-01,15:46,4,CF-004,Danish Almond,3,3.75,0.0,11.25,Cash,STORE-01
TXN-00108,C0014,2026-05-01,15:46,25,SV-005,Breakfast Burrito,2,6.25,0.31,11.88,Gift Card,STORE-01
TXN-00108,C0014,2026-05-01,15:46,10,BR-005,Focaccia Herb,1,6.0,0.0,6.0,Gift Card,STORE-01
TXN-00108,C0014,2026-05-01,15:46,8,BR-003,Whole Wheat Loaf,5,6.5,0.65,29.25,Cash,STORE-01
TXN-00109,C0041,2026-06-16,16:15,10,BR-005,Focaccia Herb,1,6.0,0.6,5.4,Contactless,STORE-01
TXN-00109,C0041,2026-06-16,16:15,14,CK-004,Red Velvet Slice,2,7.0,0.7,12.6,Gift Card,STORE-01
TXN-00110,C0012,2026-07-06,17:05,3,CF-003,Cinnamon Roll,5,3.25,0.33,14.6,Cash,STORE-01
TXN-00110,C0012,2026-07-06,17:05,17,DR-002,Latte 16oz,4,4.75,0.24,18.04,Cash,STORE-01
TXN-00110,C0012,2026-07-06,17:05,18,DR-003,Matcha Latte,4,5.5,0.0,22.0,Contactless,STORE-01
TXN-00111,C0048,2026-04-14,12:50,12,CK-002,Cheesecake Slice,2,7.5,0.0,15.0,Contactless,STORE-01
TXN-00112,C0009,2026-04-17,12:34,21,SV-001,Quiche Lorraine,4,7.5,0.38,28.48,Card,STORE-01
TXN-00112,C0009,2026-04-17,12:34,6,BR-001,Sourdough Loaf,2,7.5,0.0,15.0,Gift Card,STORE-01
TXN-00112,C0009,2026-04-17,12:34,25,SV-005,Breakfast Burrito,1,6.25,0.0,6.25,Card,STORE-01
TXN-00113,C0003,2026-05-07,07:20,17,DR-002,Latte 16oz,4,4.75,0.0,19.0,Cash,STORE-01
TXN-00113,C0003,2026-05-07,07:20,13,CK-003,Carrot Cake,2,8.5,0.0,17.0,Contactless,STORE-01
TXN-00113,C0003,2026-05-07,07:20,18,DR-003,Matcha Latte,1,5.5,0.0,5.5,Contactless,STORE-01
TXN-00114,C0008,2026-05-29,13:56,24,SV-004,Caprese Sandwich,2,6.75,0.34,12.82,Gift Card,STORE-01
TXN-00114,C0008,2026-05-29,13:56,15,CK-005,Tiramisu Cup,3,6.0,0.6,16.2,Contactless,STORE-01
TXN-00114,C0008,2026-05-29,13:56,13,CK-003,Carrot Cake,1,8.5,0.43,8.07,Cash,STORE-01
TXN-00114,C0008,2026-05-29,13:56,11,CK-001,Birthday Cake 8in,4,32.0,3.2,115.2,Card,STORE-01
TXN-00115,C0035,2026-05-19,12:06,11,CK-001,Birthday Cake 8in,3,32.0,0.0,96.0,Gift Card,STORE-01
TXN-00116,C0039,2026-06-05,09:44,12,CK-002,Cheesecake Slice,3,7.5,0.75,20.25,Gift Card,STORE-01
TXN-00116,C0039,2026-06-05,09:44,15,CK-005,Tiramisu Cup,3,6.0,0.0,18.0,Cash,STORE-01
TXN-00116,C0039,2026-06-05,09:44,2,CF-002,Muffin Blueberry,4,2.75,0.0,11.0,Card,STORE-01
TXN-00116,C0039,2026-06-05,09:44,24,SV-004,Caprese Sandwich,1,6.75,0.0,6.75,Gift Card,STORE-01
TXN-00117,C0003,2026-04-28,08:15,12,CK-002,Cheesecake Slice,1,7.5,0.75,6.75,Card,STORE-01
TXN-00117,C0003,2026-04-28,08:15,13,CK-003,Carrot Cake,4,8.5,0.0,34.0,Contactless,STORE-01
TXN-00117,C0003,2026-04-28,08:15,19,DR-004,Cold Brew,4,4.25,0.0,17.0,Card,STORE-01
TXN-00118,C0034,2026-05-28,13:20,8,BR-003,Whole Wheat Loaf,2,6.5,0.33,12.34,Gift Card,STORE-01
TXN-00118,C0034,2026-05-28,13:20,4,CF-004,Danish Almond,5,3.75,0.0,18.75,Contactless,STORE-01
TXN-00118,C0034,2026-05-28,13:20,1,CF-001,Croissant,3,3.5,0.18,9.96,Card,STORE-01
TXN-00119,C0040,2026-05-18,18:58,7,BR-002,Baguette,4,3.5,0.0,14.0,Gift Card,STORE-01
TXN-00119,C0040,2026-05-18,18:58,4,CF-004,Danish Almond,1,3.75,0.0,3.75,Contactless,STORE-01
TXN-00119,C0040,2026-05-18,18:58,5,CF-005,Scone Cranberry,1,2.5,0.25,2.25,Contactless,STORE-01
TXN-00119,C0040,2026-05-18,18:58,3,CF-003,Cinnamon Roll,3,3.25,0.0,9.75,Card,STORE-01
TXN-00120,C0051,2026-05-28,15:14,7,BR-002,Baguette,2,3.5,0.0,7.0,Gift Card,STORE-01
TXN-00121,C0002,2026-05-28,15:36,15,CK-005,Tiramisu Cup,5,6.0,0.0,30.0,Cash,STORE-01
TXN-00121,C0002,2026-05-28,15:36,18,DR-003,Matcha Latte,3,5.5,0.28,15.66,Gift Card,STORE-01
TXN-00121,C0002,2026-05-28,15:36,5,CF-005,Scone Cranberry,5,2.5,0.12,11.9,Gift Card,STORE-01
TXN-00122,C0053,2026-06-24,08:08,21,SV-001,Quiche Lorraine,4,7.5,0.75,27.0,Contactless,STORE-01
TXN-00122,C0053,2026-06-24,08:08,3,CF-003,Cinnamon Roll,2,3.25,0.33,5.84,Card,STORE-01
TXN-00122,C0053,2026-06-24,08:08,15,CK-005,Tiramisu Cup,2,6.0,0.3,11.4,Cash,STORE-01
TXN-00123,C0054,2026-04-27,15:09,6,BR-001,Sourdough Loaf,2,7.5,0.0,15.0,Contactless,STORE-01
TXN-00123,C0054,2026-04-27,15:09,11,CK-001,Birthday Cake 8in,1,32.0,0.0,32.0,Card,STORE-01
TXN-00123,C0054,2026-04-27,15:09,23,SV-003,Turkey Panini,5,7.0,0.0,35.0,Card,STORE-01
TXN-00124,C0041,2026-05-20,16:34,17,DR-002,Latte 16oz,2,4.75,0.48,8.54,Card,STORE-01
TXN-00125,C0011,2026-07-05,16:46,19,DR-004,Cold Brew,1,4.25,0.0,4.25,Contactless,STORE-01
TXN-00125,C0011,2026-07-05,16:46,2,CF-002,Muffin Blueberry,2,2.75,0.28,4.94,Gift Card,STORE-01
TXN-00125,C0011,2026-07-05,16:46,1,CF-001,Croissant,5,3.5,0.0,17.5,Gift Card,STORE-01
TXN-00126,C0057,2026-07-01,15:18,16,DR-001,Drip Coffee,4,2.5,0.0,10.0,Gift Card,STORE-01
TXN-00126,C0057,2026-07-01,15:18,8,BR-003,Whole Wheat Loaf,1,6.5,0.0,6.5,Card,STORE-01
TXN-00126,C0057,2026-07-01,15:18,22,SV-002,Spinach Wrap,4,6.5,0.33,24.68,Gift Card,STORE-01
TXN-00127,C0030,2026-05-08,12:38,11,CK-001,Birthday Cake 8in,3,32.0,0.0,96.0,Gift Card,STORE-01
TXN-00127,C0030,2026-05-08,12:38,23,SV-003,Turkey Panini,2,7.0,0.0,14.0,Cash,STORE-01
TXN-00128,C0021,2026-05-12,14:07,15,CK-005,Tiramisu Cup,1,6.0,0.0,6.0,Contactless,STORE-01
TXN-00128,C0021,2026-05-12,14:07,8,BR-003,Whole Wheat Loaf,4,6.5,0.65,23.4,Gift Card,STORE-01
TXN-00128,C0021,2026-05-12,14:07,5,CF-005,Scone Cranberry,2,2.5,0.0,5.0,Contactless,STORE-01
TXN-00129,C0060,2026-06-24,18:20,25,SV-005,Breakfast Burrito,4,6.25,0.62,22.52,Gift Card,STORE-01
TXN-00129,C0060,2026-06-24,18:20,6,BR-001,Sourdough Loaf,4,7.5,0.0,30.0,Gift Card,STORE-01
TXN-00130,C0002,2026-04-23,13:32,8,BR-003,Whole Wheat Loaf,1,6.5,0.0,6.5,Contactless,STORE-01
TXN-00130,C0002,2026-04-23,13:32,7,BR-002,Baguette,4,3.5,0.35,12.6,Gift Card,STORE-01
TXN-00130,C0002,2026-04-23,13:32,19,DR-004,Cold Brew,3,4.25,0.43,11.46,Cash,STORE-01
TXN-00130,C0002,2026-04-23,13:32,12,CK-002,Cheesecake Slice,1,7.5,0.38,7.12,Card,STORE-01
TXN-00131,C0057,2026-05-15,18:23,12,CK-002,Cheesecake Slice,5,7.5,0.0,37.5,Contactless,STORE-01
TXN-00131,C0057,2026-05-15,18:23,2,CF-002,Muffin Blueberry,5,2.75,0.0,13.75,Cash,STORE-01
TXN-00131,C0057,2026-05-15,18:23,13,CK-003,Carrot Cake,4,8.5,0.85,30.6,Gift Card,STORE-01
TXN-00131,C0057,2026-05-15,18:23,19,DR-004,Cold Brew,5,4.25,0.0,21.25,Cash,STORE-01
TXN-00132,C0009,2026-04-24,13:23,18,DR-003,Matcha Latte,2,5.5,0.0,11.0,Gift Card,STORE-01
TXN-00132,C0009,2026-04-24,13:23,12,CK-002,Cheesecake Slice,5,7.5,0.0,37.5,Cash,STORE-01
TXN-00132,C0009,2026-04-24,13:23,25,SV-005,Breakfast Burrito,1,6.25,0.0,6.25,Contactless,STORE-01
TXN-00133,C0052,2026-06-11,15:29,20,DR-005,Hot Chocolate,2,4.0,0.0,8.0,Contactless,STORE-01
TXN-00133,C0052,2026-06-11,15:29,17,DR-002,Latte 16oz,2,4.75,0.24,9.02,Contactless,STORE-01
TXN-00134,C0038,2026-05-25,15:53,23,SV-003,Turkey Panini,1,7.0,0.0,7.0,Contactless,STORE-01
TXN-00134,C0038,2026-05-25,15:53,19,DR-004,Cold Brew,1,4.25,0.21,4.04,Contactless,STORE-01
TXN-00134,C0038,2026-05-25,15:53,10,BR-005,Focaccia Herb,1,6.0,0.6,5.4,Gift Card,STORE-01
TXN-00134,C0038,2026-05-25,15:53,16,DR-001,Drip Coffee,3,2.5,0.25,6.75,Card,STORE-01
TXN-00135,C0047,2026-04-18,16:30,17,DR-002,Latte 16oz,5,4.75,0.24,22.55,Card,STORE-01
TXN-00135,C0047,2026-04-18,16:30,21,SV-001,Quiche Lorraine,2,7.5,0.0,15.0,Cash,STORE-01
TXN-00136,C0013,2026-04-14,14:20,5,CF-005,Scone Cranberry,4,2.5,0.25,9.0,Gift Card,STORE-01
TXN-00136,C0013,2026-04-14,14:20,14,CK-004,Red Velvet Slice,1,7.0,0.0,7.0,Card,STORE-01
TXN-00136,C0013,2026-04-14,14:20,23,SV-003,Turkey Panini,5,7.0,0.0,35.0,Gift Card,STORE-01
TXN-00136,C0013,2026-04-14,14:20,7,BR-002,Baguette,5,3.5,0.18,16.6,Contactless,STORE-01
TXN-00137,C0012,2026-06-09,15:21,22,SV-002,Spinach Wrap,3,6.5,0.65,17.55,Gift Card,STORE-01
TXN-00137,C0012,2026-06-09,15:21,25,SV-005,Breakfast Burrito,2,6.25,0.0,12.5,Contactless,STORE-01
TXN-00137,C0012,2026-06-09,15:21,24,SV-004,Caprese Sandwich,5,6.75,0.0,33.75,Card,STORE-01
TXN-00138,C0020,2026-05-18,18:13,11,CK-001,Birthday Cake 8in,3,32.0,0.0,96.0,Cash,STORE-01
TXN-00138,C0020,2026-05-18,18:13,16,DR-001,Drip Coffee,5,2.5,0.25,11.25,Gift Card,STORE-01
TXN-00138,C0020,2026-05-18,18:13,12,CK-002,Cheesecake Slice,4,7.5,0.0,30.0,Card,STORE-01
TXN-00138,C0020,2026-05-18,18:13,18,DR-003,Matcha Latte,3,5.5,0.0,16.5,Contactless,STORE-01
TXN-00139,C0046,2026-04-22,12:59,21,SV-001,Quiche Lorraine,2,7.5,0.0,15.0,Contactless,STORE-01
TXN-00139,C0046,2026-04-22,12:59,9,BR-004,Rye Bread,5,7.0,0.0,35.0,Card,STORE-01
TXN-00139,C0046,2026-04-22,12:59,24,SV-004,Caprese Sandwich,1,6.75,0.68,6.07,Card,STORE-01
TXN-00139,C0046,2026-04-22,12:59,16,DR-001,Drip Coffee,2,2.5,0.0,5.0,Card,STORE-01
TXN-00140,C0041,2026-05-11,07:06,11,CK-001,Birthday Cake 8in,2,32.0,0.0,64.0,Card,STORE-01
TXN-00140,C0041,2026-05-11,07:06,23,SV-003,Turkey Panini,4,7.0,0.35,26.6,Gift Card,STORE-01
TXN-00140,C0041,2026-05-11,07:06,16,DR-001,Drip Coffee,2,2.5,0.0,5.0,Contactless,STORE-01
TXN-00140,C0041,2026-05-11,07:06,4,CF-004,Danish Almond,3,3.75,0.0,11.25,Cash,STORE-01
TXN-00141,C0042,2026-06-24,10:34,6,BR-001,Sourdough Loaf,4,7.5,0.0,30.0,Cash,STORE-01
TXN-00142,C0054,2026-06-01,19:31,24,SV-004,Caprese Sandwich,1,6.75,0.0,6.75,Contactless,STORE-01
TXN-00142,C0054,2026-06-01,19:31,10,BR-005,Focaccia Herb,5,6.0,0.6,27.0,Cash,STORE-01
TXN-00143,C0060,2026-05-24,11:29,5,CF-005,Scone Cranberry,2,2.5,0.0,5.0,Contactless,STORE-01
TXN-00143,C0060,2026-05-24,11:29,17,DR-002,Latte 16oz,2,4.75,0.24,9.02,Contactless,STORE-01
TXN-00143,C0060,2026-05-24,11:29,15,CK-005,Tiramisu Cup,2,6.0,0.0,12.0,Contactless,STORE-01
TXN-00143,C0060,2026-05-24,11:29,9,BR-004,Rye Bread,3,7.0,0.7,18.9,Card,STORE-01
TXN-00144,C0012,2026-06-29,17:57,14,CK-004,Red Velvet Slice,4,7.0,0.0,28.0,Card,STORE-01
TXN-00144,C0012,2026-06-29,17:57,17,DR-002,Latte 16oz,2,4.75,0.24,9.02,Contactless,STORE-01
TXN-00144,C0012,2026-06-29,17:57,11,CK-001,Birthday Cake 8in,2,32.0,0.0,64.0,Contactless,STORE-01
TXN-00144,C0012,2026-06-29,17:57,3,CF-003,Cinnamon Roll,4,3.25,0.0,13.0,Gift Card,STORE-01
TXN-00145,C0049,2026-05-16,12:19,9,BR-004,Rye Bread,3,7.0,0.0,21.0,Cash,STORE-01
TXN-00146,C0043,2026-04-27,14:19,13,CK-003,Carrot Cake,5,8.5,0.0,42.5,Cash,STORE-01
TXN-00146,C0043,2026-04-27,14:19,22,SV-002,Spinach Wrap,3,6.5,0.0,19.5,Card,STORE-01
TXN-00147,C0015,2026-04-29,14:09,24,SV-004,Caprese Sandwich,5,6.75,0.34,32.05,Card,STORE-01
TXN-00147,C0015,2026-04-29,14:09,20,DR-005,Hot Chocolate,2,4.0,0.4,7.2,Cash,STORE-01
TXN-00147,C0015,2026-04-29,14:09,12,CK-002,Cheesecake Slice,5,7.5,0.38,35.6,Contactless,STORE-01
TXN-00147,C0015,2026-04-29,14:09,14,CK-004,Red Velvet Slice,1,7.0,0.7,6.3,Cash,STORE-01
TXN-00148,C0004,2026-06-21,15:12,6,BR-001,Sourdough Loaf,5,7.5,0.38,35.6,Cash,STORE-01
TXN-00148,C0004,2026-06-21,15:12,11,CK-001,Birthday Cake 8in,2,32.0,3.2,57.6,Gift Card,STORE-01
TXN-00149,C0006,2026-06-16,14:51,15,CK-005,Tiramisu Cup,2,6.0,0.6,10.8,Gift Card,STORE-01
TXN-00150,C0030,2026-06-23,07:35,22,SV-002,Spinach Wrap,4,6.5,0.0,26.0,Cash,STORE-01
TXN-00150,C0030,2026-06-23,07:35,10,BR-005,Focaccia Herb,2,6.0,0.6,10.8,Cash,STORE-01
TXN-00150,C0030,2026-06-23,07:35,24,SV-004,Caprese Sandwich,1,6.75,0.34,6.41,Contactless,STORE-01
TXN-00150,C0030,2026-06-23,07:35,1,CF-001,Croissant,1,3.5,0.35,3.15,Cash,STORE-01
TXN-00151,C0060,2026-04-20,14:02,14,CK-004,Red Velvet Slice,2,7.0,0.35,13.3,Contactless,STORE-01
TXN-00151,C0060,2026-04-20,14:02,6,BR-001,Sourdough Loaf,4,7.5,0.38,28.48,Gift Card,STORE-01
TXN-00151,C0060,2026-04-20,14:02,25,SV-005,Breakfast Burrito,4,6.25,0.0,25.0,Card,STORE-01
TXN-00152,C0042,2026-05-26,08:11,17,DR-002,Latte 16oz,1,4.75,0.0,4.75,Contactless,STORE-01
TXN-00152,C0042,2026-05-26,08:11,5,CF-005,Scone Cranberry,4,2.5,0.25,9.0,Gift Card,STORE-01
TXN-00152,C0042,2026-05-26,08:11,24,SV-004,Caprese Sandwich,5,6.75,0.34,32.05,Card,STORE-01
TXN-00152,C0042,2026-05-26,08:11,8,BR-003,Whole Wheat Loaf,2,6.5,0.33,12.34,Contactless,STORE-01
TXN-00153,C0010,2026-05-17,10:59,2,CF-002,Muffin Blueberry,4,2.75,0.28,9.88,Cash,STORE-01
TXN-00154,C0016,2026-05-08,08:06,15,CK-005,Tiramisu Cup,5,6.0,0.0,30.0,Card,STORE-01
TXN-00155,C0048,2026-04-17,13:28,18,DR-003,Matcha Latte,1,5.5,0.0,5.5,Contactless,STORE-01
TXN-00155,C0048,2026-04-17,13:28,7,BR-002,Baguette,2,3.5,0.35,6.3,Contactless,STORE-01
TXN-00156,C0037,2026-06-27,19:43,8,BR-003,Whole Wheat Loaf,5,6.5,0.0,32.5,Gift Card,STORE-01
TXN-00156,C0037,2026-06-27,19:43,10,BR-005,Focaccia Herb,3,6.0,0.0,18.0,Cash,STORE-01
TXN-00156,C0037,2026-06-27,19:43,5,CF-005,Scone Cranberry,5,2.5,0.25,11.25,Card,STORE-01
TXN-00157,C0041,2026-07-07,13:35,2,CF-002,Muffin Blueberry,4,2.75,0.28,9.88,Contactless,STORE-01
TXN-00157,C0041,2026-07-07,13:35,12,CK-002,Cheesecake Slice,4,7.5,0.38,28.48,Card,STORE-01
TXN-00157,C0041,2026-07-07,13:35,21,SV-001,Quiche Lorraine,3,7.5,0.38,21.36,Card,STORE-01
TXN-00157,C0041,2026-07-07,13:35,22,SV-002,Spinach Wrap,5,6.5,0.33,30.85,Card,STORE-01
TXN-00158,C0055,2026-05-10,11:54,15,CK-005,Tiramisu Cup,5,6.0,0.3,28.5,Gift Card,STORE-01
TXN-00158,C0055,2026-05-10,11:54,2,CF-002,Muffin Blueberry,5,2.75,0.28,12.35,Card,STORE-01
TXN-00159,C0025,2026-05-13,11:13,21,SV-001,Quiche Lorraine,3,7.5,0.0,22.5,Card,STORE-01
TXN-00159,C0025,2026-05-13,11:13,3,CF-003,Cinnamon Roll,1,3.25,0.0,3.25,Gift Card,STORE-01
TXN-00159,C0025,2026-05-13,11:13,15,CK-005,Tiramisu Cup,5,6.0,0.6,27.0,Cash,STORE-01
TXN-00160,C0056,2026-04-21,10:51,16,DR-001,Drip Coffee,3,2.5,0.0,7.5,Cash,STORE-01
TXN-00160,C0056,2026-04-21,10:51,7,BR-002,Baguette,2,3.5,0.0,7.0,Cash,STORE-01
TXN-00161,C0048,2026-06-12,10:44,13,CK-003,Carrot Cake,5,8.5,0.0,42.5,Contactless,STORE-01
TXN-00161,C0048,2026-06-12,10:44,8,BR-003,Whole Wheat Loaf,4,6.5,0.33,24.68,Contactless,STORE-01
TXN-00162,C0020,2026-05-15,12:32,15,CK-005,Tiramisu Cup,3,6.0,0.0,18.0,Contactless,STORE-01
TXN-00162,C0020,2026-05-15,12:32,4,CF-004,Danish Almond,3,3.75,0.19,10.68,Cash,STORE-01
TXN-00162,C0020,2026-05-15,12:32,24,SV-004,Caprese Sandwich,5,6.75,0.0,33.75,Card,STORE-01
TXN-00162,C0020,2026-05-15,12:32,16,DR-001,Drip Coffee,1,2.5,0.0,2.5,Gift Card,STORE-01
TXN-00163,C0019,2026-05-01,10:21,13,CK-003,Carrot Cake,2,8.5,0.43,16.14,Contactless,STORE-01
TXN-00163,C0019,2026-05-01,10:21,19,DR-004,Cold Brew,3,4.25,0.21,12.12,Gift Card,STORE-01
TXN-00164,C0030,2026-05-03,18:50,6,BR-001,Sourdough Loaf,5,7.5,0.38,35.6,Card,STORE-01
TXN-00164,C0030,2026-05-03,18:50,5,CF-005,Scone Cranberry,5,2.5,0.0,12.5,Cash,STORE-01
TXN-00164,C0030,2026-05-03,18:50,24,SV-004,Caprese Sandwich,1,6.75,0.0,6.75,Cash,STORE-01
TXN-00165,C0027,2026-04-29,17:14,23,SV-003,Turkey Panini,2,7.0,0.0,14.0,Card,STORE-01
TXN-00166,C0033,2026-06-09,12:03,22,SV-002,Spinach Wrap,5,6.5,0.33,30.85,Cash,STORE-01
TXN-00166,C0033,2026-06-09,12:03,16,DR-001,Drip Coffee,1,2.5,0.25,2.25,Contactless,STORE-01
TXN-00166,C0033,2026-06-09,12:03,1,CF-001,Croissant,5,3.5,0.0,17.5,Cash,STORE-01
TXN-00166,C0033,2026-06-09,12:03,18,DR-003,Matcha Latte,5,5.5,0.28,26.1,Card,STORE-01
TXN-00167,C0007,2026-04-24,15:09,7,BR-002,Baguette,5,3.5,0.0,17.5,Contactless,STORE-01
TXN-00167,C0007,2026-04-24,15:09,20,DR-005,Hot Chocolate,3,4.0,0.2,11.4,Cash,STORE-01
TXN-00168,C0024,2026-06-02,14:36,23,SV-003,Turkey Panini,3,7.0,0.0,21.0,Cash,STORE-01
TXN-00168,C0024,2026-06-02,14:36,8,BR-003,Whole Wheat Loaf,1,6.5,0.33,6.17,Gift Card,STORE-01
TXN-00169,C0025,2026-06-21,14:03,23,SV-003,Turkey Panini,2,7.0,0.0,14.0,Gift Card,STORE-01
TXN-00170,C0055,2026-06-06,17:50,19,DR-004,Cold Brew,1,4.25,0.0,4.25,Card,STORE-01
TXN-00170,C0055,2026-06-06,17:50,4,CF-004,Danish Almond,5,3.75,0.19,17.8,Contactless,STORE-01
TXN-00170,C0055,2026-06-06,17:50,17,DR-002,Latte 16oz,1,4.75,0.0,4.75,Contactless,STORE-01
TXN-00171,C0058,2026-06-20,16:42,6,BR-001,Sourdough Loaf,3,7.5,0.0,22.5,Card,STORE-01
TXN-00172,C0038,2026-04-30,19:52,3,CF-003,Cinnamon Roll,2,3.25,0.33,5.84,Gift Card,STORE-01
TXN-00172,C0038,2026-04-30,19:52,10,BR-005,Focaccia Herb,5,6.0,0.0,30.0,Gift Card,STORE-01
TXN-00172,C0038,2026-04-30,19:52,6,BR-001,Sourdough Loaf,2,7.5,0.0,15.0,Contactless,STORE-01
TXN-00172,C0038,2026-04-30,19:52,19,DR-004,Cold Brew,1,4.25,0.0,4.25,Gift Card,STORE-01
TXN-00173,C0015,2026-04-21,12:38,25,SV-005,Breakfast Burrito,3,6.25,0.31,17.82,Gift Card,STORE-01
TXN-00173,C0015,2026-04-21,12:38,11,CK-001,Birthday Cake 8in,2,32.0,0.0,64.0,Gift Card,STORE-01
TXN-00173,C0015,2026-04-21,12:38,1,CF-001,Croissant,4,3.5,0.0,14.0,Gift Card,STORE-01
TXN-00173,C0015,2026-04-21,12:38,21,SV-001,Quiche Lorraine,1,7.5,0.75,6.75,Contactless,STORE-01
TXN-00174,C0052,2026-05-13,18:04,9,BR-004,Rye Bread,2,7.0,0.35,13.3,Card,STORE-01
TXN-00175,C0048,2026-05-31,12:23,3,CF-003,Cinnamon Roll,1,3.25,0.0,3.25,Gift Card,STORE-01
TXN-00176,C0024,2026-05-16,08:08,6,BR-001,Sourdough Loaf,4,7.5,0.38,28.48,Gift Card,STORE-01
TXN-00177,C0007,2026-04-15,08:22,20,DR-005,Hot Chocolate,5,4.0,0.0,20.0,Gift Card,STORE-01
TXN-00178,C0001,2026-05-19,13:24,24,SV-004,Caprese Sandwich,5,6.75,0.0,33.75,Card,STORE-01
TXN-00179,C0044,2026-05-30,09:08,10,BR-005,Focaccia Herb,2,6.0,0.0,12.0,Card,STORE-01
TXN-00179,C0044,2026-05-30,09:08,9,BR-004,Rye Bread,4,7.0,0.0,28.0,Gift Card,STORE-01
TXN-00179,C0044,2026-05-30,09:08,16,DR-001,Drip Coffee,3,2.5,0.12,7.14,Cash,STORE-01
TXN-00180,C0024,2026-05-14,10:46,20,DR-005,Hot Chocolate,2,4.0,0.0,8.0,Cash,STORE-01
TXN-00180,C0024,2026-05-14,10:46,7,BR-002,Baguette,4,3.5,0.0,14.0,Gift Card,STORE-01
TXN-00180,C0024,2026-05-14,10:46,15,CK-005,Tiramisu Cup,3,6.0,0.3,17.1,Contactless,STORE-01
TXN-00180,C0024,2026-05-14,10:46,4,CF-004,Danish Almond,4,3.75,0.38,13.48,Card,STORE-01
TXN-00181,C0020,2026-05-23,16:44,16,DR-001,Drip Coffee,2,2.5,0.12,4.76,Contactless,STORE-01
TXN-00181,C0020,2026-05-23,16:44,11,CK-001,Birthday Cake 8in,3,32.0,1.6,91.2,Card,STORE-01
TXN-00182,C0021,2026-05-30,11:52,12,CK-002,Cheesecake Slice,5,7.5,0.75,33.75,Card,STORE-01
TXN-00182,C0021,2026-05-30,11:52,4,CF-004,Danish Almond,5,3.75,0.0,18.75,Gift Card,STORE-01
TXN-00182,C0021,2026-05-30,11:52,19,DR-004,Cold Brew,2,4.25,0.21,8.08,Contactless,STORE-01
TXN-00182,C0021,2026-05-30,11:52,7,BR-002,Baguette,1,3.5,0.18,3.32,Gift Card,STORE-01
TXN-00183,C0009,2026-07-02,11:15,22,SV-002,Spinach Wrap,4,6.5,0.33,24.68,Cash,STORE-01
TXN-00183,C0009,2026-07-02,11:15,5,CF-005,Scone Cranberry,4,2.5,0.25,9.0,Gift Card,STORE-01
TXN-00183,C0009,2026-07-02,11:15,23,SV-003,Turkey Panini,5,7.0,0.35,33.25,Gift Card,STORE-01
TXN-00184,C0035,2026-04-16,19:23,4,CF-004,Danish Almond,2,3.75,0.0,7.5,Card,STORE-01
TXN-00185,C0042,2026-06-29,07:36,25,SV-005,Breakfast Burrito,1,6.25,0.0,6.25,Contactless,STORE-01
TXN-00185,C0042,2026-06-29,07:36,11,CK-001,Birthday Cake 8in,2,32.0,3.2,57.6,Card,STORE-01
TXN-00185,C0042,2026-06-29,07:36,14,CK-004,Red Velvet Slice,4,7.0,0.0,28.0,Gift Card,STORE-01
TXN-00185,C0042,2026-06-29,07:36,4,CF-004,Danish Almond,4,3.75,0.38,13.48,Card,STORE-01
TXN-00186,C0023,2026-04-15,14:06,14,CK-004,Red Velvet Slice,2,7.0,0.0,14.0,Contactless,STORE-01
TXN-00186,C0023,2026-04-15,14:06,3,CF-003,Cinnamon Roll,3,3.25,0.16,9.27,Card,STORE-01
TXN-00186,C0023,2026-04-15,14:06,4,CF-004,Danish Almond,5,3.75,0.19,17.8,Contactless,STORE-01
TXN-00187,C0031,2026-04-24,14:46,11,CK-001,Birthday Cake 8in,1,32.0,0.0,32.0,Contactless,STORE-01
TXN-00187,C0031,2026-04-24,14:46,3,CF-003,Cinnamon Roll,1,3.25,0.0,3.25,Card,STORE-01
TXN-00187,C0031,2026-04-24,14:46,10,BR-005,Focaccia Herb,5,6.0,0.0,30.0,Card,STORE-01
TXN-00187,C0031,2026-04-24,14:46,2,CF-002,Muffin Blueberry,3,2.75,0.28,7.41,Gift Card,STORE-01
TXN-00188,C0030,2026-05-11,19:25,6,BR-001,Sourdough Loaf,4,7.5,0.38,28.48,Cash,STORE-01
TXN-00188,C0030,2026-05-11,19:25,21,SV-001,Quiche Lorraine,5,7.5,0.0,37.5,Gift Card,STORE-01
TXN-00189,C0038,2026-06-05,13:00,7,BR-002,Baguette,1,3.5,0.35,3.15,Cash,STORE-01
TXN-00189,C0038,2026-06-05,13:00,9,BR-004,Rye Bread,5,7.0,0.0,35.0,Contactless,STORE-01
TXN-00190,C0021,2026-05-07,14:07,22,SV-002,Spinach Wrap,3,6.5,0.65,17.55,Gift Card,STORE-01
TXN-00190,C0021,2026-05-07,14:07,16,DR-001,Drip Coffee,5,2.5,0.12,11.9,Cash,STORE-01
TXN-00190,C0021,2026-05-07,14:07,17,DR-002,Latte 16oz,3,4.75,0.0,14.25,Gift Card,STORE-01
TXN-00191,C0040,2026-05-04,17:45,20,DR-005,Hot Chocolate,2,4.0,0.0,8.0,Cash,STORE-01
TXN-00191,C0040,2026-05-04,17:45,19,DR-004,Cold Brew,2,4.25,0.0,8.5,Cash,STORE-01
TXN-00191,C0040,2026-05-04,17:45,3,CF-003,Cinnamon Roll,2,3.25,0.0,6.5,Card,STORE-01
TXN-00192,C0033,2026-05-31,13:38,19,DR-004,Cold Brew,4,4.25,0.0,17.0,Gift Card,STORE-01
TXN-00192,C0033,2026-05-31,13:38,13,CK-003,Carrot Cake,5,8.5,0.0,42.5,Card,STORE-01
TXN-00193,C0032,2026-05-18,09:11,15,CK-005,Tiramisu Cup,3,6.0,0.0,18.0,Gift Card,STORE-01
TXN-00193,C0032,2026-05-18,09:11,20,DR-005,Hot Chocolate,2,4.0,0.0,8.0,Gift Card,STORE-01
TXN-00193,C0032,2026-05-18,09:11,2,CF-002,Muffin Blueberry,5,2.75,0.28,12.35,Gift Card,STORE-01
TXN-00194,C0027,2026-07-08,14:26,16,DR-001,Drip Coffee,1,2.5,0.0,2.5,Contactless,STORE-01
TXN-00194,C0027,2026-07-08,14:26,6,BR-001,Sourdough Loaf,1,7.5,0.0,7.5,Card,STORE-01
TXN-00194,C0027,2026-07-08,14:26,3,CF-003,Cinnamon Roll,5,3.25,0.0,16.25,Card,STORE-01
TXN-00194,C0027,2026-07-08,14:26,19,DR-004,Cold Brew,4,4.25,0.43,15.28,Gift Card,STORE-01
TXN-00195,C0036,2026-06-16,08:36,9,BR-004,Rye Bread,5,7.0,0.0,35.0,Cash,STORE-01
TXN-00196,C0049,2026-06-07,15:13,4,CF-004,Danish Almond,2,3.75,0.0,7.5,Cash,STORE-01
TXN-00196,C0049,2026-06-07,15:13,24,SV-004,Caprese Sandwich,4,6.75,0.0,27.0,Contactless,STORE-01
TXN-00196,C0049,2026-06-07,15:13,21,SV-001,Quiche Lorraine,1,7.5,0.38,7.12,Cash,STORE-01
TXN-00196,C0049,2026-06-07,15:13,25,SV-005,Breakfast Burrito,2,6.25,0.0,12.5,Contactless,STORE-01
TXN-00197,C0056,2026-06-29,17:27,20,DR-005,Hot Chocolate,2,4.0,0.0,8.0,Cash,STORE-01
TXN-00197,C0056,2026-06-29,17:27,5,CF-005,Scone Cranberry,5,2.5,0.0,12.5,Contactless,STORE-01
TXN-00198,C0039,2026-06-19,09:20,10,BR-005,Focaccia Herb,5,6.0,0.0,30.0,Card,STORE-01
TXN-00198,C0039,2026-06-19,09:20,19,DR-004,Cold Brew,4,4.25,0.0,17.0,Contactless,STORE-01
TXN-00198,C0039,2026-06-19,09:20,9,BR-004,Rye Bread,2,7.0,0.0,14.0,Card,STORE-01
TXN-00199,C0010,2026-05-23,10:48,16,DR-001,Drip Coffee,3,2.5,0.12,7.14,Gift Card,STORE-01
TXN-00199,C0010,2026-05-23,10:48,5,CF-005,Scone Cranberry,4,2.5,0.0,10.0,Cash,STORE-01
TXN-00199,C0010,2026-05-23,10:48,19,DR-004,Cold Brew,4,4.25,0.43,15.28,Contactless,STORE-01
TXN-00199,C0010,2026-05-23,10:48,21,SV-001,Quiche Lorraine,3,7.5,0.38,21.36,Gift Card,STORE-01
TXN-00200,C0021,2026-06-25,07:55,24,SV-004,Caprese Sandwich,4,6.75,0.0,27.0,Cash,STORE-01
TXN-00201,C0051,2026-06-19,13:13,7,BR-002,Baguette,3,3.5,0.0,10.5,Card,STORE-01
TXN-00201,C0051,2026-06-19,13:13,16,DR-001,Drip Coffee,5,2.5,0.12,11.9,Contactless,STORE-01
TXN-00201,C0051,2026-06-19,13:13,9,BR-004,Rye Bread,1,7.0,0.0,7.0,Cash,STORE-01
TXN-00201,C0051,2026-06-19,13:13,11,CK-001,Birthday Cake 8in,4,32.0,0.0,128.0,Cash,STORE-01
TXN-00202,C0060,2026-05-02,14:29,14,CK-004,Red Velvet Slice,2,7.0,0.0,14.0,Contactless,STORE-01
TXN-00203,C0011,2026-05-17,08:41,9,BR-004,Rye Bread,2,7.0,0.0,14.0,Gift Card,STORE-01
TXN-00203,C0011,2026-05-17,08:41,3,CF-003,Cinnamon Roll,3,3.25,0.0,9.75,Gift Card,STORE-01
TXN-00203,C0011,2026-05-17,08:41,12,CK-002,Cheesecake Slice,1,7.5,0.0,7.5,Cash,STORE-01
TXN-00204,C0014,2026-06-12,08:08,17,DR-002,Latte 16oz,4,4.75,0.0,19.0,Cash,STORE-01
TXN-00204,C0014,2026-06-12,08:08,22,SV-002,Spinach Wrap,3,6.5,0.0,19.5,Gift Card,STORE-01
TXN-00205,C0045,2026-04-28,14:04,13,CK-003,Carrot Cake,1,8.5,0.0,8.5,Contactless,STORE-01
TXN-00205,C0045,2026-04-28,14:04,3,CF-003,Cinnamon Roll,3,3.25,0.0,9.75,Card,STORE-01
TXN-00206,C0025,2026-04-29,17:43,3,CF-003,Cinnamon Roll,5,3.25,0.0,16.25,Card,STORE-01
TXN-00206,C0025,2026-04-29,17:43,17,DR-002,Latte 16oz,4,4.75,0.0,19.0,Card,STORE-01
TXN-00207,C0041,2026-05-01,13:39,7,BR-002,Baguette,1,3.5,0.35,3.15,Gift Card,STORE-01
TXN-00207,C0041,2026-05-01,13:39,3,CF-003,Cinnamon Roll,3,3.25,0.16,9.27,Contactless,STORE-01
TXN-00207,C0041,2026-05-01,13:39,4,CF-004,Danish Almond,2,3.75,0.0,7.5,Contactless,STORE-01
TXN-00207,C0041,2026-05-01,13:39,5,CF-005,Scone Cranberry,1,2.5,0.0,2.5,Contactless,STORE-01
TXN-00208,C0050,2026-07-09,07:54,7,BR-002,Baguette,5,3.5,0.0,17.5,Gift Card,STORE-01
TXN-00208,C0050,2026-07-09,07:54,17,DR-002,Latte 16oz,3,4.75,0.0,14.25,Card,STORE-01
TXN-00208,C0050,2026-07-09,07:54,20,DR-005,Hot Chocolate,4,4.0,0.2,15.2,Cash,STORE-01
TXN-00209,C0016,2026-06-14,17:38,17,DR-002,Latte 16oz,1,4.75,0.0,4.75,Contactless,STORE-01
TXN-00210,C0009,2026-05-31,16:26,18,DR-003,Matcha Latte,4,5.5,0.0,22.0,Cash,STORE-01
TXN-00210,C0009,2026-05-31,16:26,22,SV-002,Spinach Wrap,5,6.5,0.0,32.5,Cash,STORE-01
TXN-00210,C0009,2026-05-31,16:26,6,BR-001,Sourdough Loaf,3,7.5,0.0,22.5,Cash,STORE-01
TXN-00211,C0060,2026-04-19,19:25,21,SV-001,Quiche Lorraine,4,7.5,0.38,28.48,Gift Card,STORE-01
TXN-00211,C0060,2026-04-19,19:25,23,SV-003,Turkey Panini,1,7.0,0.7,6.3,Card,STORE-01
TXN-00211,C0060,2026-04-19,19:25,17,DR-002,Latte 16oz,3,4.75,0.0,14.25,Contactless,STORE-01
TXN-00212,C0006,2026-06-16,10:51,18,DR-003,Matcha Latte,4,5.5,0.55,19.8,Cash,STORE-01
TXN-00212,C0006,2026-06-16,10:51,11,CK-001,Birthday Cake 8in,3,32.0,1.6,91.2,Card,STORE-01
TXN-00213,C0004,2026-05-13,08:59,4,CF-004,Danish Almond,3,3.75,0.0,11.25,Cash,STORE-01
TXN-00213,C0004,2026-05-13,08:59,15,CK-005,Tiramisu Cup,1,6.0,0.0,6.0,Cash,STORE-01
TXN-00213,C0004,2026-05-13,08:59,20,DR-005,Hot Chocolate,2,4.0,0.2,7.6,Contactless,STORE-01
TXN-00213,C0004,2026-05-13,08:59,2,CF-002,Muffin Blueberry,5,2.75,0.28,12.35,Contactless,STORE-01
TXN-00214,C0011,2026-05-29,09:47,24,SV-004,Caprese Sandwich,1,6.75,0.0,6.75,Gift Card,STORE-01
TXN-00214,C0011,2026-05-29,09:47,4,CF-004,Danish Almond,3,3.75,0.38,10.11,Cash,STORE-01
TXN-00214,C0011,2026-05-29,09:47,25,SV-005,Breakfast Burrito,3,6.25,0.62,16.89,Cash,STORE-01
TXN-00215,C0032,2026-06-09,15:23,16,DR-001,Drip Coffee,5,2.5,0.0,12.5,Contactless,STORE-01
TXN-00216,C0011,2026-05-14,19:06,8,BR-003,Whole Wheat Loaf,5,6.5,0.0,32.5,Cash,STORE-01
TXN-00217,C0055,2026-04-13,10:02,12,CK-002,Cheesecake Slice,1,7.5,0.75,6.75,Gift Card,STORE-01
TXN-00217,C0055,2026-04-13,10:02,13,CK-003,Carrot Cake,2,8.5,0.0,17.0,Card,STORE-01
TXN-00217,C0055,2026-04-13,10:02,5,CF-005,Scone Cranberry,4,2.5,0.0,10.0,Contactless,STORE-01
TXN-00217,C0055,2026-04-13,10:02,6,BR-001,Sourdough Loaf,1,7.5,0.75,6.75,Contactless,STORE-01
TXN-00218,C0008,2026-06-15,17:57,6,BR-001,Sourdough Loaf,2,7.5,0.75,13.5,Cash,STORE-01
TXN-00219,C0026,2026-04-20,14:55,25,SV-005,Breakfast Burrito,1,6.25,0.62,5.63,Gift Card,STORE-01
TXN-00219,C0026,2026-04-20,14:55,10,BR-005,Focaccia Herb,1,6.0,0.0,6.0,Card,STORE-01
TXN-00219,C0026,2026-04-20,14:55,11,CK-001,Birthday Cake 8in,3,32.0,3.2,86.4,Contactless,STORE-01
TXN-00220,C0048,2026-06-30,10:29,19,DR-004,Cold Brew,2,4.25,0.43,7.64,Card,STORE-01
TXN-00220,C0048,2026-06-30,10:29,16,DR-001,Drip Coffee,2,2.5,0.0,5.0,Gift Card,STORE-01
TXN-00220,C0048,2026-06-30,10:29,25,SV-005,Breakfast Burrito,1,6.25,0.0,6.25,Contactless,STORE-01
TXN-00221,C0041,2026-07-09,07:21,25,SV-005,Breakfast Burrito,4,6.25,0.0,25.0,Cash,STORE-01
TXN-00222,C0014,2026-06-18,10:26,2,CF-002,Muffin Blueberry,1,2.75,0.0,2.75,Card,STORE-01
TXN-00222,C0014,2026-06-18,10:26,5,CF-005,Scone Cranberry,5,2.5,0.12,11.9,Contactless,STORE-01
TXN-00222,C0014,2026-06-18,10:26,23,SV-003,Turkey Panini,4,7.0,0.0,28.0,Cash,STORE-01
TXN-00222,C0014,2026-06-18,10:26,9,BR-004,Rye Bread,5,7.0,0.0,35.0,Gift Card,STORE-01
TXN-00223,C0005,2026-06-26,16:03,22,SV-002,Spinach Wrap,3,6.5,0.0,19.5,Gift Card,STORE-01
TXN-00223,C0005,2026-06-26,16:03,5,CF-005,Scone Cranberry,3,2.5,0.0,7.5,Gift Card,STORE-01
TXN-00223,C0005,2026-06-26,16:03,8,BR-003,Whole Wheat Loaf,3,6.5,0.0,19.5,Cash,STORE-01
TXN-00223,C0005,2026-06-26,16:03,10,BR-005,Focaccia Herb,2,6.0,0.0,12.0,Cash,STORE-01
TXN-00224,C0010,2026-04-25,09:28,11,CK-001,Birthday Cake 8in,3,32.0,0.0,96.0,Gift Card,STORE-01
TXN-00224,C0010,2026-04-25,09:28,14,CK-004,Red Velvet Slice,3,7.0,0.35,19.95,Contactless,STORE-01
TXN-00224,C0010,2026-04-25,09:28,4,CF-004,Danish Almond,1,3.75,0.0,3.75,Card,STORE-01
TXN-00224,C0010,2026-04-25,09:28,18,DR-003,Matcha Latte,3,5.5,0.55,14.85,Cash,STORE-01
TXN-00225,C0014,2026-05-23,09:05,12,CK-002,Cheesecake Slice,5,7.5,0.0,37.5,Contactless,STORE-01
TXN-00225,C0014,2026-05-23,09:05,13,CK-003,Carrot Cake,3,8.5,0.0,25.5,Cash,STORE-01
TXN-00226,C0026,2026-06-08,15:47,4,CF-004,Danish Almond,1,3.75,0.0,3.75,Cash,STORE-01
TXN-00226,C0026,2026-06-08,15:47,15,CK-005,Tiramisu Cup,1,6.0,0.0,6.0,Card,STORE-01
TXN-00227,C0009,2026-05-07,13:23,19,DR-004,Cold Brew,5,4.25,0.0,21.25,Cash,STORE-01
TXN-00228,C0002,2026-04-20,10:57,5,CF-005,Scone Cranberry,1,2.5,0.12,2.38,Cash,STORE-01
TXN-00228,C0002,2026-04-20,10:57,3,CF-003,Cinnamon Roll,2,3.25,0.33,5.84,Gift Card,STORE-01
TXN-00228,C0002,2026-04-20,10:57,11,CK-001,Birthday Cake 8in,4,32.0,1.6,121.6,Cash,STORE-01
TXN-00228,C0002,2026-04-20,10:57,4,CF-004,Danish Almond,4,3.75,0.19,14.24,Card,STORE-01
TXN-00229,C0023,2026-05-09,09:17,15,CK-005,Tiramisu Cup,5,6.0,0.6,27.0,Card,STORE-01
TXN-00229,C0023,2026-05-09,09:17,5,CF-005,Scone Cranberry,3,2.5,0.12,7.14,Gift Card,STORE-01
TXN-00229,C0023,2026-05-09,09:17,2,CF-002,Muffin Blueberry,5,2.75,0.14,13.05,Cash,STORE-01
TXN-00230,C0006,2026-05-17,13:08,7,BR-002,Baguette,5,3.5,0.0,17.5,Gift Card,STORE-01
TXN-00230,C0006,2026-05-17,13:08,21,SV-001,Quiche Lorraine,3,7.5,0.38,21.36,Gift Card,STORE-01
TXN-00230,C0006,2026-05-17,13:08,17,DR-002,Latte 16oz,3,4.75,0.48,12.81,Contactless,STORE-01
TXN-00230,C0006,2026-05-17,13:08,8,BR-003,Whole Wheat Loaf,4,6.5,0.0,26.0,Card,STORE-01
TXN-00231,C0002,2026-05-22,16:14,25,SV-005,Breakfast Burrito,3,6.25,0.0,18.75,Gift Card,STORE-01
TXN-00232,C0034,2026-05-27,19:37,6,BR-001,Sourdough Loaf,2,7.5,0.0,15.0,Contactless,STORE-01
TXN-00232,C0034,2026-05-27,19:37,4,CF-004,Danish Almond,5,3.75,0.0,18.75,Card,STORE-01
TXN-00233,C0037,2026-05-31,12:59,6,BR-001,Sourdough Loaf,5,7.5,0.0,37.5,Contactless,STORE-01
TXN-00233,C0037,2026-05-31,12:59,8,BR-003,Whole Wheat Loaf,5,6.5,0.0,32.5,Contactless,STORE-01
TXN-00234,C0037,2026-06-23,09:36,16,DR-001,Drip Coffee,3,2.5,0.0,7.5,Gift Card,STORE-01
TXN-00234,C0037,2026-06-23,09:36,18,DR-003,Matcha Latte,1,5.5,0.0,5.5,Cash,STORE-01
TXN-00235,C0015,2026-06-28,10:01,1,CF-001,Croissant,2,3.5,0.0,7.0,Card,STORE-01
TXN-00235,C0015,2026-06-28,10:01,11,CK-001,Birthday Cake 8in,3,32.0,0.0,96.0,Cash,STORE-01
TXN-00235,C0015,2026-06-28,10:01,20,DR-005,Hot Chocolate,2,4.0,0.4,7.2,Card,STORE-01
TXN-00235,C0015,2026-06-28,10:01,7,BR-002,Baguette,1,3.5,0.35,3.15,Contactless,STORE-01
TXN-00236,C0005,2026-05-29,18:42,19,DR-004,Cold Brew,3,4.25,0.0,12.75,Card,STORE-01
TXN-00236,C0005,2026-05-29,18:42,4,CF-004,Danish Almond,4,3.75,0.19,14.24,Contactless,STORE-01
TXN-00236,C0005,2026-05-29,18:42,11,CK-001,Birthday Cake 8in,2,32.0,3.2,57.6,Contactless,STORE-01
TXN-00236,C0005,2026-05-29,18:42,10,BR-005,Focaccia Herb,2,6.0,0.6,10.8,Card,STORE-01
TXN-00237,C0025,2026-05-21,18:44,5,CF-005,Scone Cranberry,1,2.5,0.25,2.25,Gift Card,STORE-01
TXN-00237,C0025,2026-05-21,18:44,6,BR-001,Sourdough Loaf,5,7.5,0.0,37.5,Card,STORE-01
TXN-00237,C0025,2026-05-21,18:44,24,SV-004,Caprese Sandwich,5,6.75,0.0,33.75,Card,STORE-01
TXN-00238,C0041,2026-06-23,08:59,5,CF-005,Scone Cranberry,2,2.5,0.0,5.0,Contactless,STORE-01
TXN-00238,C0041,2026-06-23,08:59,11,CK-001,Birthday Cake 8in,2,32.0,0.0,64.0,Contactless,STORE-01
TXN-00238,C0041,2026-06-23,08:59,24,SV-004,Caprese Sandwich,4,6.75,0.0,27.0,Contactless,STORE-01
TXN-00238,C0041,2026-06-23,08:59,3,CF-003,Cinnamon Roll,2,3.25,0.0,6.5,Cash,STORE-01
TXN-00239,C0023,2026-05-14,19:06,2,CF-002,Muffin Blueberry,4,2.75,0.14,10.44,Gift Card,STORE-01
TXN-00240,C0011,2026-06-03,14:56,12,CK-002,Cheesecake Slice,4,7.5,0.75,27.0,Card,STORE-01
TXN-00240,C0011,2026-06-03,14:56,18,DR-003,Matcha Latte,2,5.5,0.28,10.44,Cash,STORE-01
TXN-00240,C0011,2026-06-03,14:56,13,CK-003,Carrot Cake,1,8.5,0.0,8.5,Cash,STORE-01
TXN-00240,C0011,2026-06-03,14:56,4,CF-004,Danish Almond,3,3.75,0.0,11.25,Cash,STORE-01
TXN-00241,C0005,2026-05-25,09:56,6,BR-001,Sourdough Loaf,1,7.5,0.0,7.5,Gift Card,STORE-01
TXN-00241,C0005,2026-05-25,09:56,24,SV-004,Caprese Sandwich,1,6.75,0.34,6.41,Card,STORE-01
TXN-00241,C0005,2026-05-25,09:56,3,CF-003,Cinnamon Roll,5,3.25,0.16,15.45,Card,STORE-01
TXN-00241,C0005,2026-05-25,09:56,18,DR-003,Matcha Latte,1,5.5,0.0,5.5,Contactless,STORE-01
TXN-00242,C0014,2026-05-06,13:44,22,SV-002,Spinach Wrap,1,6.5,0.0,6.5,Gift Card,STORE-01
TXN-00242,C0014,2026-05-06,13:44,10,BR-005,Focaccia Herb,5,6.0,0.6,27.0,Gift Card,STORE-01
TXN-00242,C0014,2026-05-06,13:44,8,BR-003,Whole Wheat Loaf,2,6.5,0.0,13.0,Contactless,STORE-01
TXN-00243,C0001,2026-06-05,08:18,7,BR-002,Baguette,3,3.5,0.0,10.5,Gift Card,STORE-01
TXN-00243,C0001,2026-06-05,08:18,4,CF-004,Danish Almond,1,3.75,0.0,3.75,Gift Card,STORE-01
TXN-00243,C0001,2026-06-05,08:18,1,CF-001,Croissant,4,3.5,0.18,13.28,Contactless,STORE-01
TXN-00243,C0001,2026-06-05,08:18,6,BR-001,Sourdough Loaf,1,7.5,0.75,6.75,Gift Card,STORE-01
TXN-00244,C0012,2026-05-29,13:23,15,CK-005,Tiramisu Cup,3,6.0,0.3,17.1,Gift Card,STORE-01
TXN-00244,C0012,2026-05-29,13:23,2,CF-002,Muffin Blueberry,3,2.75,0.0,8.25,Contactless,STORE-01
TXN-00245,C0037,2026-04-19,09:48,3,CF-003,Cinnamon Roll,3,3.25,0.33,8.76,Gift Card,STORE-01
TXN-00246,C0049,2026-06-26,10:35,13,CK-003,Carrot Cake,5,8.5,0.43,40.35,Gift Card,STORE-01
TXN-00247,C0037,2026-05-12,14:19,13,CK-003,Carrot Cake,1,8.5,0.85,7.65,Card,STORE-01
TXN-00248,C0008,2026-06-08,09:10,7,BR-002,Baguette,1,3.5,0.18,3.32,Cash,STORE-01
TXN-00248,C0008,2026-06-08,09:10,5,CF-005,Scone Cranberry,4,2.5,0.0,10.0,Card,STORE-01
TXN-00249,C0054,2026-06-27,11:20,3,CF-003,Cinnamon Roll,4,3.25,0.33,11.68,Gift Card,STORE-01
TXN-00250,C0036,2026-05-23,11:33,1,CF-001,Croissant,5,3.5,0.18,16.6,Cash,STORE-01
TXN-00250,C0036,2026-05-23,11:33,23,SV-003,Turkey Panini,4,7.0,0.0,28.0,Card,STORE-01
TXN-00250,C0036,2026-05-23,11:33,20,DR-005,Hot Chocolate,5,4.0,0.4,18.0,Cash,STORE-01
TXN-00250,C0036,2026-05-23,11:33,19,DR-004,Cold Brew,1,4.25,0.43,3.82,Cash,STORE-01
TXN-00251,C0051,2026-05-18,15:56,14,CK-004,Red Velvet Slice,4,7.0,0.7,25.2,Gift Card,STORE-01
TXN-00251,C0051,2026-05-18,15:56,9,BR-004,Rye Bread,1,7.0,0.0,7.0,Contactless,STORE-01
TXN-00251,C0051,2026-05-18,15:56,13,CK-003,Carrot Cake,4,8.5,0.0,34.0,Gift Card,STORE-01
TXN-00252,C0003,2026-06-01,12:44,2,CF-002,Muffin Blueberry,4,2.75,0.0,11.0,Contactless,STORE-01
TXN-00252,C0003,2026-06-01,12:44,24,SV-004,Caprese Sandwich,1,6.75,0.0,6.75,Contactless,STORE-01
TXN-00253,C0020,2026-05-17,14:54,8,BR-003,Whole Wheat Loaf,2,6.5,0.0,13.0,Gift Card,STORE-01
TXN-00254,C0050,2026-05-23,11:46,20,DR-005,Hot Chocolate,4,4.0,0.0,16.0,Gift Card,STORE-01
TXN-00254,C0050,2026-05-23,11:46,21,SV-001,Quiche Lorraine,4,7.5,0.75,27.0,Contactless,STORE-01
TXN-00254,C0050,2026-05-23,11:46,3,CF-003,Cinnamon Roll,1,3.25,0.33,2.92,Card,STORE-01
TXN-00254,C0050,2026-05-23,11:46,7,BR-002,Baguette,1,3.5,0.0,3.5,Gift Card,STORE-01
TXN-00255,C0009,2026-06-18,16:01,7,BR-002,Baguette,2,3.5,0.0,7.0,Gift Card,STORE-01
TXN-00255,C0009,2026-06-18,16:01,2,CF-002,Muffin Blueberry,1,2.75,0.0,2.75,Card,STORE-01
TXN-00256,C0018,2026-05-29,14:32,21,SV-001,Quiche Lorraine,2,7.5,0.0,15.0,Gift Card,STORE-01
TXN-00256,C0018,2026-05-29,14:32,4,CF-004,Danish Almond,5,3.75,0.19,17.8,Card,STORE-01
TXN-00256,C0018,2026-05-29,14:32,22,SV-002,Spinach Wrap,4,6.5,0.65,23.4,Contactless,STORE-01
TXN-00256,C0018,2026-05-29,14:32,1,CF-001,Croissant,3,3.5,0.0,10.5,Contactless,STORE-01
TXN-00257,C0048,2026-07-09,08:18,13,CK-003,Carrot Cake,1,8.5,0.0,8.5,Card,STORE-01
TXN-00258,C0055,2026-05-10,17:14,9,BR-004,Rye Bread,4,7.0,0.7,25.2,Cash,STORE-01
TXN-00258,C0055,2026-05-10,17:14,21,SV-001,Quiche Lorraine,1,7.5,0.38,7.12,Card,STORE-01
TXN-00259,C0042,2026-05-04,16:51,8,BR-003,Whole Wheat Loaf,3,6.5,0.65,17.55,Contactless,STORE-01
TXN-00260,C0046,2026-07-03,11:27,12,CK-002,Cheesecake Slice,4,7.5,0.0,30.0,Gift Card,STORE-01
TXN-00260,C0046,2026-07-03,11:27,15,CK-005,Tiramisu Cup,5,6.0,0.0,30.0,Cash,STORE-01
TXN-00260,C0046,2026-07-03,11:27,9,BR-004,Rye Bread,5,7.0,0.0,35.0,Contactless,STORE-01
TXN-00260,C0046,2026-07-03,11:27,7,BR-002,Baguette,3,3.5,0.0,10.5,Gift Card,STORE-01
TXN-00261,C0005,2026-05-25,11:40,9,BR-004,Rye Bread,3,7.0,0.0,21.0,Card,STORE-01
TXN-00261,C0005,2026-05-25,11:40,21,SV-001,Quiche Lorraine,5,7.5,0.0,37.5,Cash,STORE-01
TXN-00261,C0005,2026-05-25,11:40,23,SV-003,Turkey Panini,5,7.0,0.35,33.25,Contactless,STORE-01
TXN-00262,C0044,2026-04-29,18:01,10,BR-005,Focaccia Herb,4,6.0,0.0,24.0,Card,STORE-01
TXN-00262,C0044,2026-04-29,18:01,9,BR-004,Rye Bread,3,7.0,0.0,21.0,Gift Card,STORE-01
TXN-00262,C0044,2026-04-29,18:01,14,CK-004,Red Velvet Slice,3,7.0,0.7,18.9,Contactless,STORE-01
TXN-00262,C0044,2026-04-29,18:01,13,CK-003,Carrot Cake,2,8.5,0.85,15.3,Card,STORE-01
TXN-00263,C0019,2026-04-24,14:08,24,SV-004,Caprese Sandwich,2,6.75,0.0,13.5,Cash,STORE-01
TXN-00263,C0019,2026-04-24,14:08,18,DR-003,Matcha Latte,2,5.5,0.0,11.0,Card,STORE-01
TXN-00263,C0019,2026-04-24,14:08,25,SV-005,Breakfast Burrito,3,6.25,0.31,17.82,Contactless,STORE-01
TXN-00264,C0024,2026-05-15,16:18,4,CF-004,Danish Almond,5,3.75,0.38,16.85,Cash,STORE-01
TXN-00264,C0024,2026-05-15,16:18,16,DR-001,Drip Coffee,4,2.5,0.0,10.0,Cash,STORE-01
TXN-00264,C0024,2026-05-15,16:18,2,CF-002,Muffin Blueberry,4,2.75,0.28,9.88,Contactless,STORE-01
TXN-00264,C0024,2026-05-15,16:18,21,SV-001,Quiche Lorraine,4,7.5,0.0,30.0,Card,STORE-01
TXN-00265,C0009,2026-05-07,12:26,5,CF-005,Scone Cranberry,1,2.5,0.12,2.38,Contactless,STORE-01
TXN-00265,C0009,2026-05-07,12:26,11,CK-001,Birthday Cake 8in,2,32.0,0.0,64.0,Cash,STORE-01
TXN-00265,C0009,2026-05-07,12:26,23,SV-003,Turkey Panini,1,7.0,0.35,6.65,Contactless,STORE-01
TXN-00265,C0009,2026-05-07,12:26,6,BR-001,Sourdough Loaf,2,7.5,0.0,15.0,Card,STORE-01
TXN-00266,C0032,2026-04-23,09:39,21,SV-001,Quiche Lorraine,4,7.5,0.0,30.0,Cash,STORE-01
TXN-00266,C0032,2026-04-23,09:39,14,CK-004,Red Velvet Slice,5,7.0,0.0,35.0,Contactless,STORE-01
TXN-00266,C0032,2026-04-23,09:39,13,CK-003,Carrot Cake,1,8.5,0.0,8.5,Card,STORE-01
TXN-00266,C0032,2026-04-23,09:39,16,DR-001,Drip Coffee,1,2.5,0.0,2.5,Card,STORE-01
TXN-00267,C0015,2026-07-09,12:19,4,CF-004,Danish Almond,5,3.75,0.38,16.85,Contactless,STORE-01
TXN-00267,C0015,2026-07-09,12:19,13,CK-003,Carrot Cake,2,8.5,0.0,17.0,Cash,STORE-01
TXN-00268,C0020,2026-05-19,14:46,14,CK-004,Red Velvet Slice,3,7.0,0.35,19.95,Contactless,STORE-01
TXN-00268,C0020,2026-05-19,14:46,22,SV-002,Spinach Wrap,2,6.5,0.0,13.0,Gift Card,STORE-01
TXN-00268,C0020,2026-05-19,14:46,5,CF-005,Scone Cranberry,1,2.5,0.0,2.5,Card,STORE-01
TXN-00269,C0047,2026-04-28,10:46,19,DR-004,Cold Brew,5,4.25,0.0,21.25,Cash,STORE-01
TXN-00270,C0024,2026-07-04,19:02,21,SV-001,Quiche Lorraine,5,7.5,0.0,37.5,Cash,STORE-01
TXN-00270,C0024,2026-07-04,19:02,9,BR-004,Rye Bread,1,7.0,0.0,7.0,Cash,STORE-01
TXN-00270,C0024,2026-07-04,19:02,25,SV-005,Breakfast Burrito,1,6.25,0.31,5.94,Gift Card,STORE-01
TXN-00270,C0024,2026-07-04,19:02,18,DR-003,Matcha Latte,4,5.5,0.0,22.0,Contactless,STORE-01
TXN-00271,C0031,2026-07-10,09:13,10,BR-005,Focaccia Herb,4,6.0,0.0,24.0,Contactless,STORE-01
TXN-00272,C0040,2026-06-28,18:08,4,CF-004,Danish Almond,1,3.75,0.0,3.75,Cash,STORE-01
TXN-00272,C0040,2026-06-28,18:08,17,DR-002,Latte 16oz,1,4.75,0.24,4.51,Card,STORE-01
TXN-00272,C0040,2026-06-28,18:08,24,SV-004,Caprese Sandwich,5,6.75,0.0,33.75,Contactless,STORE-01
TXN-00272,C0040,2026-06-28,18:08,20,DR-005,Hot Chocolate,5,4.0,0.0,20.0,Contactless,STORE-01
TXN-00273,C0046,2026-06-03,11:10,18,DR-003,Matcha Latte,4,5.5,0.0,22.0,Gift Card,STORE-01
TXN-00274,C0022,2026-05-12,07:00,4,CF-004,Danish Almond,5,3.75,0.19,17.8,Card,STORE-01
TXN-00275,C0006,2026-06-16,08:46,9,BR-004,Rye Bread,2,7.0,0.35,13.3,Contactless,STORE-01
TXN-00276,C0017,2026-06-10,07:06,2,CF-002,Muffin Blueberry,3,2.75,0.0,8.25,Gift Card,STORE-01
TXN-00276,C0017,2026-06-10,07:06,10,BR-005,Focaccia Herb,1,6.0,0.0,6.0,Cash,STORE-01
TXN-00277,C0001,2026-04-29,17:41,11,CK-001,Birthday Cake 8in,4,32.0,3.2,115.2,Contactless,STORE-01
TXN-00277,C0001,2026-04-29,17:41,12,CK-002,Cheesecake Slice,1,7.5,0.0,7.5,Contactless,STORE-01
TXN-00278,C0012,2026-04-26,13:25,9,BR-004,Rye Bread,4,7.0,0.0,28.0,Cash,STORE-01
TXN-00278,C0012,2026-04-26,13:25,13,CK-003,Carrot Cake,2,8.5,0.0,17.0,Card,STORE-01
TXN-00278,C0012,2026-04-26,13:25,23,SV-003,Turkey Panini,1,7.0,0.35,6.65,Gift Card,STORE-01
TXN-00278,C0012,2026-04-26,13:25,16,DR-001,Drip Coffee,5,2.5,0.12,11.9,Card,STORE-01
TXN-00279,C0040,2026-05-30,19:22,22,SV-002,Spinach Wrap,2,6.5,0.33,12.34,Gift Card,STORE-01
TXN-00280,C0008,2026-06-03,14:02,9,BR-004,Rye Bread,3,7.0,0.0,21.0,Card,STORE-01
TXN-00281,C0043,2026-05-25,15:33,14,CK-004,Red Velvet Slice,2,7.0,0.35,13.3,Contactless,STORE-01
TXN-00282,C0043,2026-07-07,17:24,18,DR-003,Matcha Latte,1,5.5,0.0,5.5,Card,STORE-01
TXN-00282,C0043,2026-07-07,17:24,20,DR-005,Hot Chocolate,5,4.0,0.2,19.0,Gift Card,STORE-01
TXN-00283,C0056,2026-05-03,08:48,11,CK-001,Birthday Cake 8in,5,32.0,0.0,160.0,Gift Card,STORE-01
TXN-00283,C0056,2026-05-03,08:48,8,BR-003,Whole Wheat Loaf,4,6.5,0.0,26.0,Cash,STORE-01
TXN-00283,C0056,2026-05-03,08:48,9,BR-004,Rye Bread,4,7.0,0.35,26.6,Gift Card,STORE-01
TXN-00283,C0056,2026-05-03,08:48,2,CF-002,Muffin Blueberry,1,2.75,0.14,2.61,Gift Card,STORE-01
TXN-00284,C0021,2026-04-27,14:47,4,CF-004,Danish Almond,4,3.75,0.19,14.24,Cash,STORE-01
TXN-00285,C0036,2026-06-21,07:52,20,DR-005,Hot Chocolate,5,4.0,0.0,20.0,Card,STORE-01
TXN-00286,C0042,2026-07-06,14:21,2,CF-002,Muffin Blueberry,3,2.75,0.28,7.41,Gift Card,STORE-01
TXN-00286,C0042,2026-07-06,14:21,8,BR-003,Whole Wheat Loaf,3,6.5,0.33,18.51,Cash,STORE-01
TXN-00286,C0042,2026-07-06,14:21,15,CK-005,Tiramisu Cup,1,6.0,0.0,6.0,Cash,STORE-01
TXN-00287,C0022,2026-05-27,17:51,18,DR-003,Matcha Latte,1,5.5,0.0,5.5,Card,STORE-01
TXN-00287,C0022,2026-05-27,17:51,17,DR-002,Latte 16oz,4,4.75,0.0,19.0,Gift Card,STORE-01
TXN-00287,C0022,2026-05-27,17:51,12,CK-002,Cheesecake Slice,1,7.5,0.0,7.5,Card,STORE-01
TXN-00288,C0013,2026-04-27,13:13,7,BR-002,Baguette,4,3.5,0.0,14.0,Cash,STORE-01
TXN-00288,C0013,2026-04-27,13:13,23,SV-003,Turkey Panini,4,7.0,0.35,26.6,Card,STORE-01
TXN-00288,C0013,2026-04-27,13:13,11,CK-001,Birthday Cake 8in,4,32.0,0.0,128.0,Cash,STORE-01
TXN-00288,C0013,2026-04-27,13:13,4,CF-004,Danish Almond,5,3.75,0.19,17.8,Gift Card,STORE-01
TXN-00289,C0060,2026-06-16,19:58,23,SV-003,Turkey Panini,2,7.0,0.0,14.0,Cash,STORE-01
TXN-00289,C0060,2026-06-16,19:58,19,DR-004,Cold Brew,4,4.25,0.43,15.28,Contactless,STORE-01
TXN-00290,C0033,2026-05-31,13:38,9,BR-004,Rye Bread,3,7.0,0.0,21.0,Gift Card,STORE-01
TXN-00290,C0033,2026-05-31,13:38,13,CK-003,Carrot Cake,2,8.5,0.0,17.0,Gift Card,STORE-01
TXN-00291,C0039,2026-07-10,18:32,23,SV-003,Turkey Panini,5,7.0,0.0,35.0,Card,STORE-01
TXN-00291,C0039,2026-07-10,18:32,18,DR-003,Matcha Latte,2,5.5,0.55,9.9,Contactless,STORE-01
TXN-00291,C0039,2026-07-10,18:32,11,CK-001,Birthday Cake 8in,3,32.0,0.0,96.0,Card,STORE-01
TXN-00292,C0033,2026-06-20,18:40,23,SV-003,Turkey Panini,3,7.0,0.7,18.9,Gift Card,STORE-01
TXN-00292,C0033,2026-06-20,18:40,4,CF-004,Danish Almond,5,3.75,0.38,16.85,Gift Card,STORE-01
TXN-00292,C0033,2026-06-20,18:40,25,SV-005,Breakfast Burrito,5,6.25,0.0,31.25,Gift Card,STORE-01
TXN-00293,C0052,2026-04-13,15:06,13,CK-003,Carrot Cake,2,8.5,0.0,17.0,Cash,STORE-01
TXN-00294,C0013,2026-05-16,19:50,10,BR-005,Focaccia Herb,3,6.0,0.0,18.0,Cash,STORE-01
TXN-00294,C0013,2026-05-16,19:50,22,SV-002,Spinach Wrap,3,6.5,0.0,19.5,Cash,STORE-01
TXN-00295,C0023,2026-06-08,08:39,24,SV-004,Caprese Sandwich,5,6.75,0.34,32.05,Card,STORE-01
TXN-00295,C0023,2026-06-08,08:39,21,SV-001,Quiche Lorraine,5,7.5,0.0,37.5,Cash,STORE-01
TXN-00296,C0060,2026-05-30,13:26,18,DR-003,Matcha Latte,3,5.5,0.0,16.5,Gift Card,STORE-01
TXN-00296,C0060,2026-05-30,13:26,2,CF-002,Muffin Blueberry,2,2.75,0.0,5.5,Card,STORE-01
TXN-00296,C0060,2026-05-30,13:26,1,CF-001,Croissant,2,3.5,0.0,7.0,Gift Card,STORE-01
TXN-00297,C0012,2026-07-08,08:11,24,SV-004,Caprese Sandwich,1,6.75,0.34,6.41,Cash,STORE-01
TXN-00297,C0012,2026-07-08,08:11,17,DR-002,Latte 16oz,4,4.75,0.0,19.0,Contactless,STORE-01
TXN-00298,C0009,2026-05-02,16:54,1,CF-001,Croissant,2,3.5,0.0,7.0,Card,STORE-01
TXN-00298,C0009,2026-05-02,16:54,11,CK-001,Birthday Cake 8in,3,32.0,3.2,86.4,Cash,STORE-01
TXN-00298,C0009,2026-05-02,16:54,15,CK-005,Tiramisu Cup,5,6.0,0.0,30.0,Gift Card,STORE-01
TXN-00299,C0051,2026-06-24,15:22,23,SV-003,Turkey Panini,3,7.0,0.7,18.9,Card,STORE-01
TXN-00300,C0012,2026-06-17,08:50,14,CK-004,Red Velvet Slice,5,7.0,0.35,33.25,Cash,STORE-01
TXN-00300,C0012,2026-06-17,08:50,18,DR-003,Matcha Latte,3,5.5,0.0,16.5,Card,STORE-01
